,cohen_d
0,-3.5691321510264022
1,-4.566837933812772
2,-3.1271336198481037
3,-3.2325907677671557
4,-4.640764027255351
5,-2.3452852891354485
6,-2.9292292447152195
7,-1.6559401673335061
8,-3.91338818245282
9,-2.620673420683154
10,-3.883915078502267
11,-4.653273942214741
12,0.41842951076334745
13,-1.9269846312431507
14,-2.871282483208395
15,-5.245474441739186
16,-2.411147885915712
17,-0.8338007276456395
18,-3.223354693770688
19,-4.056332217081789
20,-3.623925115423624
21,-5.169708611861209
22,-3.210901125940155
23,-3.6001824173672854
24,-3.0222431621766637
25,-2.0358453013229836
26,-2.697416766081793
27,-0.46289399371924406
28,-3.7917748705195042
29,-4.013397196864241
30,-3.6855731566527807
31,-2.3150379078362664
32,-2.091838642864744
33,-5.180539231269031
34,-4.782171366323541
35,-2.7791948623220635
36,-5.99178687441923
37,-0.6143978168836824
38,-4.044341564904322
39,-2.980104778731814
40,-2.6408240743339992
41,-4.243218174277137
42,-2.606869379309763
43,-3.836408695295742
44,-4.030944432894321
45,-4.43116232381635
46,-3.377589174677852
47,-4.953076319037083
48,-0.17206088300631062
49,-4.5615917554118965
50,-1.3110368610866907
51,-2.4299543336593286
52,-3.0506219575870976
53,-2.439396893878956
54,-3.091504859469988
55,-4.586689853037546
56,-4.514579575084501
57,-2.769985086177162
58,-3.2455169023880526
59,-2.955150818530053
60,-4.434693275690998
61,-3.664417523960549
62,-2.5520028361451192
63,-2.300969030269443
64,-2.807271942378396
65,-2.17048656075446
66,-2.3129191425312183
67,-1.063349944661029
68,-1.7359529044956827
69,-1.4161056951326076
70,-3.2187471926405404
71,-2.6319504478088627
72,-3.80327445385915
73,-2.5892319115062747
74,-2.1831371599501375
75,-3.511108473241272
76,-5.328722942121117
77,-4.270829547774738
78,0.22824621691190644
79,-4.258867838103863
80,-3.6049974516777787
81,-6.026073569248451
82,-3.914584474942982
83,-1.6434630815481195
84,-3.5565154752037733
85,-3.2007844103502228
86,-4.780735270410638
87,-2.382852156721066
88,-4.235819685399945
89,-1.3815435212264187
90,-3.4960421663305095
91,-2.0593319669300847
92,-5.365496058666799
93,-3.1043336000363806
94,-3.9843873943191013
95,-4.3695690031649415
96,-4.619599103790139
97,-1.909806254986036
98,-4.697453430823496
99,-4.791946046957021
100,-0.6849190241560629
101,-1.3444098160337397
102,-4.357667916730079
103,-4.021760792938522
104,-3.3660259866514823
105,-2.830099579745567
106,-3.0557876844414364
107,-4.22953672840672
108,-2.1384552345288803
109,-3.1529373825442946
110,-4.603998668539288
111,-2.591259648386281
112,-4.285357204816091
113,-4.2205568210105255
114,-4.346926365391381
115,-4.936263002106418
116,-4.676502586630921
117,-4.846609551659945
118,-4.105440451037484
119,-2.452913953667041
120,0.6603963854332489
121,-3.8608866788490506
122,-4.559765099465315
123,-3.802049249348242
124,-2.5770568744565976
125,-2.8238232564757424
126,-2.792955921170043
127,-3.3074348102245956
128,-2.5565292809462057
129,-3.3276739665681627
130,-2.7255758128789362
131,-3.672088171460173
132,-4.219745416566607
133,-5.00082180104201
134,-3.2010705583626833
135,-2.372331114024814
136,-3.8834011201228242
137,-0.8265814640634804
138,-2.6610945019859877
139,-3.9581792475221085
140,-2.293553189436589
141,-3.087457853411714
142,0.3865164370241903
143,-3.9971875004383217
144,-0.31410308798419373
145,-3.0620973872599015
146,-2.6053068548832194
147,-3.669699346737435
148,-2.487000789837135
149,-3.3732426077620796
150,-0.3648460271381678
151,-4.2509789670344675
152,-4.081906333882753
153,-3.250219520690802
154,-3.3401684499331803
155,-1.644208384155811
156,-3.9717160360827686
157,0.37377308279606375
158,-4.612365454528622
159,-3.509050903758962
160,-4.579432746749793
161,-3.196376713711755
162,-2.423266035567714
163,-5.167423084706241
164,-3.6245675705178275
165,-3.09256059089288
166,-3.818071026832399
167,-2.6548514526095444
168,-3.6724139806363
169,-1.8106957319612655
170,-4.7900890482828995
171,-3.021945214658465
172,-3.427284992558785
173,-1.445412960006248
174,-3.1213198684443246
175,-2.1292048629406612
176,-3.0113051391010823
177,-5.531000676255554
178,-3.74650128836069
179,-4.9285904563175045
180,-1.9861608934507307
181,-4.5199404822906235
182,-3.9699063745216234
183,-3.733761188043207
184,-3.0881986187039305
185,-3.109417770486719
186,2.0661622969870024
187,-3.843256588275557
188,-1.3147354420761739
189,-3.0998885722203693
190,-3.217325129118201
191,-4.959720658758641
192,-3.331268206864001
193,-2.9817647933504206
194,-1.3926442249903952
195,-5.749609750317963
196,0.20750823824489328
197,-4.380557027501442
198,-3.1582312339229337
199,-3.721481709598947
200,-1.1905934264939317
201,-4.044584845007786
202,-1.1013294791911958
203,-3.223102269070041
204,-1.4549691693491111
205,-3.01121528546253
206,-4.161088347226028
207,-2.785493921713024
208,-2.8939144617837256
209,-3.1601836296783774
210,-3.725337835937303
211,-2.541573089664433
212,-3.4075264228015585
213,-2.83430728355968
214,-2.4000109390055044
215,-2.5416955449126264
216,-2.0932244403512117
217,-2.6014819772412263
218,-1.0960726499454345
219,-3.5544204001172885
220,-3.279341500337277
221,-5.135954233035027
222,-3.605441203646089
223,-3.4404802119096183
224,-3.3109143237577796
225,-3.427352393069377
226,-3.4479493742102756
227,-1.100675204022028
228,-2.744831953240768
229,-4.141109708274385
230,-1.333929714748062
231,-2.6239285954378206
232,-2.7852405762906796
233,-3.1138437436990696
234,-2.9889728434767435
235,-1.9708707511277634
236,-2.8643926458158147
237,-4.3194412988248905
238,-0.27153019551053975
239,-2.3013991679863475
240,-2.578509570540522
241,-3.2146004533081265
242,-0.685468208474122
243,-6.3140098863345
244,-2.969491992289041
245,-3.169120758217199
246,-1.9808936997951057
247,-3.056150894007415
248,-2.593569599722304
249,-4.729361528472725
250,-2.4105710112522147
251,0.8960357953415062
252,-3.3015957051800204
253,-4.013299937286903
254,-4.723925328440067
255,-1.1832696590551544
256,1.5712160968358306
257,-5.154624471353469
258,-2.2310068639643568
259,-1.8604673899628765
260,-3.300524060220212
261,-3.589446768295982
262,-3.29661332719411
263,-5.591694864090498
264,-3.6864818608743777
265,-3.6206119506118437
266,-3.9786654764761056
267,-3.5092804039698553
268,-3.9395270726806224
269,-3.144837545164671
270,-0.9467186190750394
271,-3.9609470367034048
272,-3.4868647985651258
273,-1.0047473398435367
274,2.598848176639147
275,-3.8374403683620426
276,-2.7307890832267705
277,-4.747612862279423
278,-3.8320694649903273
279,-2.174361315246906
280,-4.244463160186341
281,0.8276453073023048
282,-1.6240608334922135
283,1.2977535810057494
284,-2.4262385686419883
285,-3.7441182914944724
286,-2.455198590242621
287,-3.636810396466269
288,-5.103615484347849
289,-5.105412637131107
290,-1.5193371174120682
291,-2.5250148836817283
292,-0.7741655301539423
293,-3.7618424103174832
294,-4.084862923765558
295,-3.128842657699217
296,-1.3237649997576044
297,-3.6604624479883783
298,-4.856896897300094
299,0.6065940738885988
300,-3.6456835572932724
301,-2.5114831093545424
302,-3.9743552056633193
303,-2.586151783858527
304,-3.4355178596293117
305,-2.4893679459337608
306,-6.065116503686662
307,-4.447573668845203
308,-4.084399633409935
309,-5.049677948917769
310,-3.3308329192758634
311,-4.243117375028608
312,-1.721638583892578
313,-1.9554467855550777
314,-3.665558474115835
315,-3.1549451999197027
316,-3.649388371201307
317,-3.492650114084852
318,-3.774914909843743
319,-0.32610162796516523
320,-1.9952447510158353
321,-4.215730730320313
322,-4.627034426956808
323,-4.264613975851016
324,-3.718516399300316
325,-5.049593914217088
326,-3.0546131089936686
327,-1.6778213950544554
328,-4.789792360780235
329,-3.752551425188782
330,-3.415482100987966
331,-2.838219772650759
332,-4.898794405801278
333,-2.729112836611872
334,-3.437565846494627
335,-2.1818844314243386
336,-3.09301454273836
337,-3.753584801190192
338,-3.609712680178055
339,-4.581259461250762
340,-0.9794881986117542
341,-4.43033212186391
342,-2.340267153394471
343,-3.98879986060815
344,-2.709916694274445
345,-0.3569556289783934
346,-4.460409024026936
347,-3.8480007208598694
348,-3.675717518957498
349,-2.8238649570076797
350,-4.567658968434549
351,-3.927535971636313
352,-4.066961778981978
353,0.1896684962872758
354,-3.73959231072737
355,-2.5285314859883896
356,-3.372400379687775
357,-3.4583055791515513
358,-2.3919536326241086
359,-3.1480159094064826
360,-3.42957960960193
361,-0.2015200731483021
362,-3.489307735677698
363,-3.9859423258093516
364,-5.094596948174228
365,-5.863822534537697
366,-3.4637170017744667
367,-4.520301537287946
368,-3.808481725511416
369,-3.952749995001922
370,-2.56830204683665
371,-2.390059382915045
372,-4.580315043455572
373,-0.46546669013917075
374,-3.5843688539816516
375,-3.992684254279771
376,-2.6367699607328996
377,-2.8538040144671037
378,-3.7179006289645646
379,-3.8865698762604537
380,-1.17965500330548
381,-0.8249484874656396
382,-5.269787843237015
383,-2.4718929656058903
384,-4.968713330294106
385,-4.748304662860933
386,-3.7779509303675396
387,-2.4252180221952164
388,-0.014268718980801611
389,-4.208986435174421
390,-4.284635157122238
391,-4.684885460905003
392,-6.0711117322433825
393,-4.03528384031172
394,-2.944148970791951
395,0.1931506491113589
396,-2.633805886485904
397,-2.752625032272425
398,-5.665034234686595
399,-5.090529840902391
400,-1.5251391652345643
401,-4.506699818475602
402,-3.5110104134393394
403,-2.6018802953073923
404,-2.5561664728993523
405,-1.3496103147797185
406,-4.323163645617577
407,-2.5554025297607925
408,-2.546172815478256
409,-3.708592204151115
410,-2.332071417643157
411,-4.537238409048028
412,-4.833314078627695
413,-3.547926937734801
414,-3.1903741604726004
415,-3.9813795643665704
416,-4.939912226977034
417,-3.9196174879793158
418,0.660692596962993
419,-2.5828416409211266
420,0.7613520855524045
421,-3.8291731486207214
422,-2.323437348218178
423,-4.039716042130855
424,-4.6417298305739
425,-4.852714781452404
426,-3.640238562195173
427,-4.786259195537056
428,-3.961143689701939
429,-4.299240634054578
430,-1.3479735720269639
431,-2.7211581931310724
432,-3.0078954867471563
433,-3.0965888588661454
434,-5.176976592397353
435,-1.1407326864789251
436,-1.6426409906954786
437,-3.9263337495463846
438,-2.9089611918538063
439,-3.8879424507955953
440,-3.5938651135812094
441,-2.73306217131412
442,-3.2896505033089154
443,-2.7625323145857745
444,-1.7090456433596033
445,-3.7827073129749205
446,-4.669431828246275
447,-0.5706570069621405
448,-3.585865749252401
449,-3.0132698398740603
450,-3.922767808975906
451,-3.3017077346890256
452,-4.14152324090142
453,-4.750281390210909
454,-3.5279627014231725
455,-3.793168235521697
456,-2.986546294361642
457,-3.0649943301548856
458,-0.2141515703281802
459,-2.1014687413658826
460,-4.142750226160729
461,-3.496948917948437
462,-2.265862764173419
463,-3.4293507827954426
464,-1.9009706651324023
465,-3.6151417350582937
466,-2.5436627439978046
467,-4.259668110245085
468,-2.7015699946836684
469,-4.41438777779065
470,-2.58931577218514
471,-3.2465313181849464
472,-3.3895574658607917
473,-1.8581415735336693
474,-1.3712557027368575
475,-0.6457177954900379
476,-4.54899309411195
477,-3.2760572658622085
478,-2.557954562051018
479,-3.4062255999361812
480,-3.4553103948843327
481,-1.0515397067804246
482,-3.163038059361062
483,-5.0349186336467655
484,-5.85191587042749
485,-3.755633810475858
486,-0.758275311876288
487,-3.893974507606351
488,-3.8133676176094204
489,-2.7576160856179532
490,-3.194945501851731
491,-3.7922988880583617
492,-1.5438692879076115
493,-1.6186843610030142
494,-4.576654974708899
495,-5.156479418034629
496,-2.6603024222699383
497,-4.889787721526775
498,-3.7650728441930914
499,-2.4313905873002013
500,-1.5079668005813487
501,-3.536181978267888
502,-3.5906024460217685
503,-5.398341937076092
504,-2.5194887548639304
505,-6.00845148518519
506,-3.6679854974140995
507,0.19887528463115825
508,-2.06469089500933
509,-3.937160278176587
510,-1.7107581754907089
511,-3.6590968297528037
512,1.4138610175311428
513,-3.719651662287197
514,-2.9437923590781523
515,-4.867823580333813
516,-1.6924721736606931
517,-2.566233793433407
518,0.4560896691184255
519,-2.9133908127303476
520,-1.6234398658218792
521,-3.7638069087983963
522,-3.1037086591148477
523,-3.899107178574527
524,-2.60611618182135
525,-4.944636501307396
526,-1.7711486141123378
527,-2.1959944691268074
528,-2.37026607283959
529,-1.7869658109291326
530,-4.832464960375625
531,-5.434111820935393
532,-3.162964003415339
533,-2.0371949639473486
534,-4.180774572016062
535,-3.8534297744623993
536,-4.0662563561792515
537,-3.0566365032058274
538,-4.788920278351598
539,-5.21301025263415
540,-2.0754517497080562
541,-2.390828776880971
542,-2.500656679163776
543,-5.5013250480036895
544,0.19064629070827555
545,-0.6526625971972544
546,-3.0658728285121404
547,-2.6161595123526786
548,-2.689228937780115
549,-2.3360378541316846
550,-2.2727145902828383
551,-4.505178910742897
552,-3.7959499886262353
553,-3.0114485813282252
554,-2.861053072356789
555,-4.8225259244157455
556,-4.049941014527072
557,-3.715750261370108
558,-3.6174995941864654
559,-1.9421411915784272
560,-0.45286091411640533
561,-4.083987252137086
562,-2.7905516502907837
563,-2.5197843377285114
564,-4.542265792343654
565,-2.7257058007765345
566,-3.996805735828184
567,-4.034136931072414
568,-0.30831133036680536
569,-3.0663558860564875
570,-1.8734233090131265
571,-3.1178756767429663
572,-2.807095116429369
573,2.2541332035567536
574,-2.410460932931757
575,-3.2810308503790346
576,-1.9691797299683347
577,-1.5611606439121948
578,-1.653084574360764
579,-2.8634079499490603
580,-4.510462640605588
581,-3.617149701057158
582,-3.958238778929975
583,-4.915124743871407
584,-1.4977258243346243
585,-1.2168214170305536
586,-0.6282973736019034
587,-2.2774842740053187
588,-4.282480929595524
589,-5.2750208467731845
590,-2.981135598944294
591,-3.31959484065349
592,-3.722380939419124
593,-3.2027400266051615
594,-2.731151882365028
595,-3.6285868165472577
596,-3.8331615083018376
597,-4.937286655706996
598,-3.7788922556126985
599,-0.4655229296761571
600,-4.044346679402183
601,-3.4428452663680345
602,-3.047780200634091
603,-2.222251887392494
604,-4.508877242097263
605,-3.8913685756743197
606,-2.8792829321473534
607,-2.4153428960862966
608,-3.23298628019591
609,-3.2542222891283106
610,-2.9942808187151133
611,-3.4334135506985426
612,-2.572260875921857
613,-3.558835171698948
614,-3.12370232752894
615,-4.861610685970374
616,-4.062233604958986
617,-4.409446835124372
618,-3.1584257752041487
619,-2.066218542367858
620,-4.109267779415942
621,-4.436989983476915
622,-3.9607746264144232
623,-6.362700312105457
624,-3.893266691288909
625,-4.639994682110556
626,-2.475846974232283
627,-4.5097845322166785
628,-3.028302075767662
629,-2.462542091468298
630,-4.563054306608997
631,-2.0180807220611072
632,-3.070666726065606
633,-3.6241613488663376
634,-2.3072506502258507
635,-3.509797682027063
636,-4.571489690474539
637,-1.950562936905219
638,-4.344777634525815
639,-2.743764464004178
640,-3.5599965190189224
641,-1.5365837566651068
642,-5.10606216917984
643,-3.246017852625053
644,-4.341692806925837
645,-2.4572986124226586
646,-2.7668179045613086
647,-3.552765263703234
648,-4.48821463717358
649,-4.787380723636648
650,-4.11621089699743
651,-3.254277911037991
652,-4.327991306602611
653,-2.7781167841889722
654,-3.633013836468683
655,-0.759999369537054
656,-2.5749799331372762
657,-3.8438152827789027
658,-2.499935494825605
659,-3.213456712376901
660,-1.5331692573749707
661,-2.1760370409797063
662,-1.453768794178932
663,-3.0476916895670514
664,-1.7587508197627861
665,-3.214345270523072
666,-4.016707878668897
667,-6.29864094605127
668,-3.213713827923766
669,-0.9546405352328918
670,-5.339665105391983
671,-4.020011879517668
672,-3.351085429223808
673,-3.7993202742520302
674,-2.381013788264276
675,-3.1773493450455637
676,-3.8368346661543153
677,-3.5293337929835
678,0.881367498722307
679,-3.8109611419430474
680,-3.4310230978825933
681,-2.45652986012471
682,1.3475891082567153
683,-2.7053398486645466
684,-2.9241501258690277
685,0.13666120388220987
686,-3.313105112120931
687,-3.1494838871821895
688,-3.2719704904764693
689,-5.750079038585944
690,-3.450322543404623
691,-6.255587607810958
692,-3.57902589068985
693,-2.4952367742906225
694,-4.126616321905224
695,-3.8234483248528037
696,-2.003531149332043
697,-0.9603556156157358
698,-3.167039094207514
699,-1.4992458551580257
700,-3.249464950410886
701,-3.6717982243176497
702,-3.2707464751334316
703,-4.851653107091219
704,-3.985233984545853
705,0.35005625626447257
706,-3.2318047722304684
707,-4.106354672301032
708,-5.270518702526837
709,-3.492287842817435
710,-3.3905574497270328
711,-4.3505776197341435
712,-2.6781690184668547
713,-2.2767650537258346
714,-2.7440763894582365
715,-3.0963920173752992
716,-1.6299070243506237
717,-2.283364145509479
718,-1.0785068024061994
719,-3.7519538050540873
720,-1.7956953864716327
721,1.0664914524559956
722,-3.623821406719611
723,-2.033373948300967
724,-4.3234304670460775
725,-1.2828721396900387
726,-2.438158614714979
727,-5.064910265088518
728,-2.7629894357923956
729,-3.8861170125001974
730,-2.6541671925728814
731,-2.195021630693977
732,-3.619952516779854
733,-3.5009509104969716
734,-3.167813725821391
735,-2.497438051020309
736,-2.890461002517011
737,-3.9238371371249166
738,-4.0972049963393715
739,-0.5260827955818721
740,-4.272626965373253
741,-4.443189283045595
742,-1.6068998235977843
743,-2.1128004606967044
744,-3.292860252526606
745,-2.0823433322113547
746,-4.414847678356514
747,-2.7365145349878013
748,-5.060649078429681
749,-4.188318093754762
750,-4.735272735664139
751,-4.010212450422146
752,-3.0802129869003796
753,-1.791946824354954
754,-3.489938242037872
755,-4.858588466684548
756,-0.7428276015958097
757,-3.883612746782031
758,-0.8312143559278241
759,-3.5226003311440754
760,-3.0090425455192356
761,-4.345929397967973
762,-4.36175284957179
763,-5.059225252606322
764,-2.7818795635218843
765,-3.9625521212505164
766,-3.870759910282769
767,-1.5517433332173738
768,-5.808710324882569
769,-3.0796044018888225
770,0.5232491901088315
771,-3.759990355356135
772,-4.3693487138036256
773,-2.1165183443414506
774,-2.5725504332265983
775,-3.349715036788989
776,-3.509348916619586
777,-4.578418125120021
778,-1.534132226449887
779,-3.579622662956839
780,-4.140408124099374
781,-2.356553488127199
782,-2.640572832662125
783,-4.197037554407572
784,-3.181350859349697
785,-4.159328629385801
786,-4.649764503446087
787,-1.0558404616471773
788,-2.327634718598782
789,-5.6892293093969215
790,-0.9890984017623234
791,0.037218201400134716
792,-3.5910335412050767
793,-5.968552064359692
794,-3.60267939115875
795,-4.4334756100584425
796,-0.08444056260419959
797,-2.428125868245767
798,-4.327009450145556
799,-3.2726408235771434
800,-2.401719043390901
801,-4.150559858476773
802,-3.351270624569843
803,-2.3477298634145205
804,-2.6109183049177616
805,-3.2680939189619242
806,-5.229696927523129
807,-1.8766631709274662
808,-1.5776120724838687
809,-3.471677361105244
810,-1.212444934362629
811,-0.6131448310085605
812,0.07667565032147697
813,-1.6352280770474659
814,-3.9471790843518857
815,-4.226711578808186
816,-1.397754184540496
817,-2.210567153234378
818,-4.151598588250404
819,-3.355468554081178
820,-3.7504652504788942
821,-2.576795150670149
822,-3.0509950870364513
823,-1.9962914048709681
824,-3.7097941342171477
825,-5.160024863303335
826,-2.7172602784836832
827,-4.0421236786705474
828,-2.9993769201473106
829,-4.526963486802468
830,-3.20942808910494
831,-5.876227439959153
832,-4.804455377187836
833,-2.0207686322118135
834,-2.6577326977722504
835,-3.372892173100388
836,-5.592593885056197
837,-3.7768963131195443
838,-4.322115752798059
839,-3.2526818188636053
840,-3.5096779663682955
841,-3.0682874993502423
842,0.14729436658175432
843,-4.221977198304688
844,-3.9552874156142925
845,-3.4213873649318587
846,-1.2920774422177506
847,-3.8384561984073273
848,-2.9284575477795767
849,-3.4464748342944027
850,-2.593083031677203
851,-2.26856703097133
852,-5.848752015184353
853,0.9372928374531677
854,-0.7181717684487064
855,-4.116044665761133
856,-2.469573054678851
857,-2.872127820022302
858,-3.6193318366669436
859,-3.1483364241604592
860,-3.668307379027948
861,-1.1428670401614203
862,-3.073243018127736
863,-3.6195091770909222
864,0.13480750861036497
865,-4.53032151123445
866,-3.453599690090517
867,-4.504339979813876
868,0.9838716264198254
869,-1.1287194026614433
870,-1.8093166471156634
871,-2.568083071473575
872,0.42811207758989317
873,-3.8086798784988902
874,-5.017834699314924
875,-3.755532828791344
876,-3.0640972587267212
877,-4.367329729603821
878,-3.686155265739091
879,-3.2939042020605376
880,-4.565552414840208
881,-4.064755100519924
882,-4.13832360364074
883,-0.31853368243189484
884,0.15333944006581765
885,-3.6910450719578916
886,-1.7406450820149808
887,-2.012219527100608
888,-1.4683892857867527
889,-2.8579838647006617
890,-3.6514543497145127
891,-3.046703817555116
892,-3.8666763745550687
893,-3.247577864705091
894,-3.123880394626707
895,-2.751070848620985
896,-4.146415088205999
897,-4.138979341030662
898,0.852845885523261
899,-4.403409181851589
900,-3.3025646062506446
901,-2.769779674948409
902,-4.153083603045068
903,-2.5897940257296588
904,-1.987336171922471
905,-1.4732262616844198
906,-4.359658080767596
907,1.4918192123916272
908,-1.1402637899392989
909,0.08741883304509022
910,-3.960213111712316
911,-3.467191258500804
912,-1.8078851967948737
913,-2.433543107739664
914,-3.6156145523268206
915,-4.8555608057910025
916,-3.0551513395154415
917,-2.7027266259518816
918,-3.3543847200218773
919,-3.277371164824419
920,-3.700936990015688
921,-2.4254592099832797
922,-4.137716055492935
923,-3.14674954386521
924,-1.6568393151611633
925,-3.181482919135592
926,-4.8429490115992815
927,-2.9645195994949014
928,-3.0199064847571755
929,-2.374857759395275
930,-2.672002071775673
931,-2.708669765066261
932,-4.141748181609941
933,-2.190878436388114
934,-2.67542157376714
935,-4.665053100804964
936,-3.9375129189421054
937,-3.7833375150946176
938,-3.0858161251585647
939,0.46801147221273615
940,-1.9372156628827688
941,-0.1900781248889376
942,-4.242453605739668
943,-2.5085983817521265
944,-2.011907359168666
945,-1.3553147805384664
946,-4.290156949341733
947,-3.7581374362510647
948,-3.6593450508553342
949,-4.244796385308068
950,-3.6610308399192846
951,-2.8337235382437034
952,-3.7348815610584896
953,-4.561666520445492
954,-1.6811538896131593
955,-3.15511621356727
956,-3.206913576618295
957,-2.9349287852249817
958,-4.282511664275045
959,-0.3312941424074858
960,-1.488382318610287
961,-1.8659938101649003
962,0.20106028956622335
963,-3.7156138807550465
964,-3.9661922406075396
965,-2.6524468658877702
966,-3.3934923831972785
967,-4.744019655897544
968,-0.8123978927726405
969,-1.174795249731006
970,-1.831143339227035
971,-4.94981476879732
972,-1.5323243912394708
973,-1.6310404446392925
974,-4.397777345531974
975,-4.00545311498323
976,-3.0365317625868635
977,-2.4695948593016643
978,-3.119068212680839
979,-1.5240121007581044
980,-5.04507659502707
981,-0.4402194014125604
982,-3.2052381527769502
983,-3.9119834566924463
984,-3.824574243907948
985,-3.241671483699693
986,-3.3806139465974465
987,-2.8154058454599777
988,-2.6244154885122857
989,-2.8991459900235586
990,-2.6498540445502643
991,-1.798904987267706
992,-3.7691296676918715
993,-2.7925138604732895
994,-3.815677621832956
995,-3.797877633321774
996,-3.8422949812937985
997,-1.364754693826678
998,-3.9347710831978406
999,-3.4560807412196843
1000,0.23024353439343542
1001,-1.6670031459445467
1002,-3.900320192813325
1003,-3.624905896212918
1004,-2.72345941807415
1005,-1.8587486730726874
1006,-2.511600010902475
1007,0.8296301393143019
1008,-3.6116239751806756
1009,-2.9274731623917996
1010,-4.053128015995771
1011,-2.408026697613264
1012,-4.651558183604813
1013,-0.7828134540671161
1014,-1.0478465296673423
1015,-3.4587522371741586
1016,-4.7915499335794385
1017,-3.3729725102154577
1018,-4.021706966245012
1019,-5.012448643084099
1020,-2.620534434103434
1021,-4.420139143122126
1022,-3.6392831987007583
1023,-2.52350474884451
1024,-0.054150027120311986
1025,-4.254236080040938
1026,-3.940260810181997
1027,-4.174907362720156
1028,-3.1655801577171108
1029,0.23784448958738752
1030,-1.358509936931842
1031,-2.210221344612274
1032,-1.8283712601965407
1033,-3.7727502180051733
1034,-3.222253531923703
1035,-1.769127134907138
1036,-3.2284236660757997
1037,-3.9687131942077367
1038,-1.9391075972242002
1039,-2.3491375777084285
1040,-4.5241487876425355
1041,-1.9179416254769286
1042,-3.451909355168642
1043,-4.490313696640995
1044,-3.954822239397052
1045,-1.7656990097159835
1046,-3.157837581667538
1047,-1.8950372036953629
1048,-2.136711991366306
1049,-1.0989075732625735
1050,-3.5576815716779913
1051,-3.4817135561620685
1052,-2.2916398028663565
1053,-2.159469823081831
1054,-3.3076823031915974
1055,-4.082828965261218
1056,-3.460890943737005
1057,-6.025960424923489
1058,-2.0406139469316837
1059,-3.7162459324557733
1060,-3.7048284597049452
1061,-3.586897430232664
1062,-3.432806321687322
1063,-2.2165288579835374
1064,-4.758459031191383
1065,-1.5481041692148387
1066,-0.9252086843006183
1067,0.507055086153149
1068,-2.7402099789964884
1069,-2.52597649039149
1070,-4.3451891194697145
1071,-2.6489859970393472
1072,-2.9198030976119096
1073,-4.372359912547751
1074,-3.168338150415182
1075,-3.926810831081202
1076,-3.5528514254801484
1077,-3.314750080242327
1078,-2.725191063791219
1079,-5.581712463481573
1080,-1.7903506144079764
1081,-2.087649770890118
1082,-5.473760521045354
1083,-3.5857163488310975
1084,-3.667746124057368
1085,-4.276967918093974
1086,-3.355726613702745
1087,-3.5900341923310264
1088,-4.003710877607309
1089,-5.003340538773564
1090,-3.2367514861852227
1091,-3.245832315395003
1092,-2.878167148173002
1093,-4.074770543162766
1094,-2.1009003328181
1095,-4.6915298093262106
1096,-2.9781762018525337
1097,-3.868222429122564
1098,1.0475556240929609
1099,1.159956286408075
1100,-5.062682352663317
1101,-0.212801044576558
1102,-1.6785140472762892
1103,-3.2542114410898257
1104,-0.8289652398212072
1105,-3.5710875573477163
1106,-4.861362300074534
1107,-5.369338204200221
1108,-3.489063190717788
1109,-1.9652164164042796
1110,-2.0472718703193666
1111,-1.4588976773857019
1112,-1.5085380626205467
1113,-2.685675027738368
1114,-3.9518784991687355
1115,0.29305715558497375
1116,-3.6808531742353203
1117,-5.590300365687412
1118,-2.037938609559317
1119,-2.555245768833848
1120,-4.64966474451746
1121,-2.0710973640308232
1122,-4.137936017958259
1123,-1.5370308396382675
1124,-3.0841444834157126
1125,-4.939749385338403
1126,-2.2526878442029914
1127,-3.6643658762964724
1128,-1.666659389420594
1129,-3.199926141521387
1130,-3.8957685028064044
1131,-2.5833636844623253
1132,-3.3091877710909166
1133,-3.155536873870478
1134,-3.827020519663299
1135,-3.751856174494634
1136,-4.111375166569983
1137,-3.99321025451781
1138,-1.8516193443506304
1139,-0.2370639073610194
1140,-3.2789028967200298
1141,-2.6804135468110903
1142,-3.1476199911376614
1143,-3.078934750109823
1144,-1.320596131459389
1145,-2.485847924039872
1146,-3.0975021134925558
1147,-4.106459161187543
1148,-4.4536076002004865
1149,-2.9923749082431548
1150,-3.5277953323144984
1151,-0.6444363468914043
1152,-5.105653429330565
1153,-4.698248767667288
1154,-3.441589813262404
1155,-4.117481567755288
1156,-4.764909890881209
1157,-5.047630746171527
1158,-3.2967234006162958
1159,-4.01250281010891
1160,-3.8513701060465078
1161,-2.2116227127722086
1162,-3.4972221086748383
1163,-4.001163523532975
1164,-3.1441316160457577
1165,-2.398659794751809
1166,-4.7964396155493425
1167,-0.22324137397532162
1168,-1.1194508884360188
1169,-4.039739565784296
1170,-0.3678827464725328
1171,-3.391010716274328
1172,-3.17977380725067
1173,-6.519991500452054
1174,-3.7152273697542375
1175,-2.4703278892773706
1176,-5.166929676532578
1177,1.8022278416817195
1178,-2.443452992324857
1179,-1.9080504747033211
1180,-3.3824130660014644
1181,-2.0414561162221125
1182,-1.9099053613307746
1183,-4.5437719853773055
1184,-3.1257849942544467
1185,-4.008660412860185
1186,-4.682366478992876
1187,-4.253492354228745
1188,-3.357824646031048
1189,-4.293066182004184
1190,-2.1639390844763517
1191,-3.2737830717856666
1192,-4.100570482682138
1193,-4.285787628823742
1194,-3.5847556358585533
1195,-4.336077037859577
1196,-4.489216927814863
1197,-3.158596425534116
1198,-2.8267270951535104
1199,-4.130530354005673
1200,-3.7502014723060175
1201,-5.3801653971995345
1202,0.27692807757709687
1203,-3.443361629105945
1204,-2.760563724417727
1205,-5.1011222638791
1206,-3.404841523834599
1207,-6.111916834420721
1208,-0.5008553992475552
1209,-3.778559916010153
1210,-3.521723084715289
1211,-0.236838811191406
1212,-1.8600778654722754
1213,-4.917099904690381
1214,-3.3791335040650687
1215,-3.161970760555489
1216,-1.4002318582026048
1217,-2.9820434866186343
1218,-2.526490515721767
1219,-3.5400450748907883
1220,-4.027768160258641
1221,-2.802010894646167
1222,-2.5269893268222647
1223,-3.718423417411692
1224,-4.032797958589616
1225,-3.772452595193102
1226,-2.5619525658121987
1227,-3.3959980429029195
1228,-5.337611536625281
1229,-2.6857228671706497
1230,-2.3940348307642147
1231,-1.91356556368688
1232,-3.2441053379149034
1233,-4.3786862024313935
1234,-5.167489798392156
1235,-3.8655403618605693
1236,-4.685521943260521
1237,-4.086684461169564
1238,-1.8673363072533538
1239,-2.7161116458130854
1240,-3.7529437116890865
1241,-1.5412873002438536
1242,-1.0063928641230577
1243,-3.9376817538020448
1244,-2.2115734399298437
1245,-2.748250792169908
1246,-3.3383150580944303
1247,-1.7041714356585222
1248,0.47347777609386127
1249,3.4482859255573035
1250,-2.4719041570349467
1251,-2.8476853949035363
1252,-2.9525839230742803
1253,-2.644028902673349
1254,-4.194160730215745
1255,-2.3034388868433004
1256,-1.5368193296240225
1257,-2.1881983838034493
1258,-2.6661168095415135
1259,-2.216940922640696
1260,-1.9807309877705583
1261,-3.6453414529712274
1262,-5.310941607845432
1263,-3.60887901775668
1264,-3.3525985346612464
1265,-3.1702075106683427
1266,-5.113050820733543
1267,-3.090889311376099
1268,-3.227028090979674
1269,-3.8482483691484215
1270,-3.637558293833515
1271,-4.394360593478394
1272,-3.7144581660235696
1273,-5.623462609563461
1274,-0.890674621331041
1275,-5.311322873261891
1276,-3.3947399736715433
1277,-3.2406552976028546
1278,-3.2861425679155483
1279,-3.8576930386834296
1280,-4.178334304588813
1281,-2.923117101897864
1282,-3.0545339377405427
1283,-3.0162317326240977
1284,-0.7218628527700381
1285,-1.614095781438051
1286,-2.889341389560103
1287,-3.2144954661525635
1288,0.17117122414877034
1289,-2.9355123498137883
1290,-4.162088928421785
1291,-1.386948622223933
1292,-5.087827404684756
1293,-3.8198422384670545
1294,-5.876338072128789
1295,-1.7083474858459646
1296,-3.908343700522881
1297,-3.6433800259258136
1298,0.3217355557996659
1299,-4.2087513087971615
1300,-1.7632081820189516
1301,-4.861462024367133
1302,-2.8375529090045615
1303,-5.269959465055767
1304,-3.962241343786371
1305,-1.2580238560420884
1306,-2.606380785840752
1307,-2.6248387212714563
1308,-2.5096665848616135
1309,0.3591334789157787
1310,-3.940488389361616
1311,-3.484948831354091
1312,-5.169265370131769
1313,-3.417051751800239
1314,-5.568545100935387
1315,-2.6029761892840284
1316,-1.98410093565347
1317,-0.8680389757606106
1318,-3.1677932766557215
1319,-4.445800661617553
1320,-4.342324181412761
1321,-4.8827191424037
1322,-3.0360989169866315
1323,-4.904415221240085
1324,-2.04346147388237
1325,-3.9987095522447627
1326,-2.8768979088512237
1327,-2.6553624403507636
1328,-1.423048955566118
1329,-2.6200841274685023
1330,-3.8293622675077685
1331,-2.3726597689281963
1332,-2.3950314241413717
1333,1.0396280060470786
1334,-5.57911250922058
1335,-2.5160145093146222
1336,-3.9964952659379804
1337,-5.3076493254944115
1338,-3.3327282253930965
1339,-4.632471208098319
1340,-3.914431447893493
1341,-3.497276549735719
1342,-2.775271626258326
1343,-5.821851483736376
1344,-2.006845002479454
1345,-4.461796310946747
1346,-2.892626318902119
1347,-4.165720086378448
1348,-3.1054946446765044
1349,-4.084809050754543
1350,-4.186777553306085
1351,-3.829378929064736
1352,-2.373558248409489
1353,-3.8795286944686285
1354,-4.062353601003797
1355,-3.583513648304555
1356,-2.7260505837454327
1357,-3.761239048562582
1358,-3.198401333735707
1359,-4.0889605601896255
1360,-3.8461300675355967
1361,-3.5156168787925144
1362,-0.7864415539759458
1363,-3.061383414002707
1364,-1.3634060042477518
1365,-4.291161007248498
1366,-4.11386034177999
1367,-3.0285429163372677
1368,0.12270236434462412
1369,-4.386334549796603
1370,-3.765060502813864
1371,-4.129129790608733
1372,-4.161887490404928
1373,-4.505910038887291
1374,-3.0619096098449443
1375,-3.2817934582665917
1376,-2.311898962225321
1377,-2.786132328317377
1378,-1.9653911520725307
1379,-3.694217331438802
1380,-3.7925112179727414
1381,-2.6267387117341925
1382,-4.276392230049923
1383,-1.849981023671933
1384,-2.7130214723140833
1385,-3.686986053672012
1386,-5.137231533620694
1387,-4.12862419831204
1388,-4.1916029174092495
1389,-3.0253737321876986
1390,-4.44936363515554
1391,-4.474084318828492
1392,-3.895297058607189
1393,-3.3145983981912317
1394,-3.2534566326972567
1395,-4.152641864286851
1396,-3.476013608025112
1397,-0.874999788953651
1398,-3.0213116020349604
1399,-1.7843832168955422
1400,-3.1019935952298785
1401,-1.4293880975821731
1402,-6.586144411950121
1403,-3.2398459754558098
1404,-2.3985893863613166
1405,0.32907087138087177
1406,-4.8951206943579795
1407,-3.5016785242321284
1408,-1.9358208638383416
1409,-4.45380472736785
1410,-1.421430860783999
1411,-2.978297556716155
1412,-4.314896263730897
1413,-2.148881286316316
1414,-1.7324988149832845
1415,-2.142160994882605
1416,-1.6101298291690918
1417,0.00306416845406844
1418,-2.187133617053208
1419,-4.4248344558433095
1420,-4.004136777920288
1421,-2.415006893931065
1422,-5.921392529835963
1423,-4.171462765845149
1424,1.1071308861241385
1425,-2.950398315678987
1426,-4.242914907096982
1427,-4.475344254042617
1428,-4.416581277571179
1429,-2.3691740013469595
1430,-2.6643343915339135
1431,-3.1263028886444952
1432,-3.795741008586922
1433,-4.462920492385347
1434,-3.097864822037177
1435,-4.100478339435391
1436,-6.473219058340291
1437,-1.600610675080148
1438,-3.1243727319390797
1439,-4.515596235083075
1440,-4.941032708814412
1441,-1.405049611111514
1442,-3.291202358634652
1443,-2.467918059870065
1444,-3.6567305677113016
1445,-3.318068652576299
1446,-3.464943093757072
1447,-2.7268753586999663
1448,-5.422943993718989
1449,-3.5840428687342785
1450,-4.569587613083111
1451,-3.366597708686813
1452,-2.8664473975942126
1453,-3.949831833216822
1454,-3.643934190065143
1455,-3.0306219456556795
1456,-2.625070274763423
1457,-5.587175514663771
1458,-3.578269063604523
1459,-3.33399312553062
1460,-1.6331997644652745
1461,-3.879251704244502
1462,-3.7816923230637807
1463,-4.164439944907938
1464,-3.742444459521007
1465,-3.075691849300232
1466,-4.0603236685878965
1467,-2.574497645445978
1468,-1.8641486442310722
1469,-5.061156196056332
1470,-4.51814779994003
1471,-5.340697825776929
1472,-6.19377100254231
1473,-1.885624474036616
1474,-4.490835028929706
1475,-2.2136772303333516
1476,-2.2590565600072265
1477,-4.055514947360192
1478,-4.520833527341722
1479,-4.8183876028027095
1480,-3.6291573777867745
1481,-2.9343792357041307
1482,-3.2522374808895664
1483,-3.7144915357951924
1484,-2.4832133397470892
1485,-3.7893623478771303
1486,-3.8813382159679812
1487,-5.405681502891881
1488,-3.634152949524395
1489,-3.6605674813950118
1490,-3.809585477087038
1491,-3.4970853236014685
1492,-3.2577279116603886
1493,-3.5424480202725586
1494,-0.8429735494455213
1495,-4.149651582360229
1496,-3.2056686601884468
1497,-2.3972620585778532
1498,-3.7204327515228024
1499,-1.4566348196984302
1500,-0.7875658727119014
1501,-3.2624374291298515
1502,-1.525856648392359
1503,-3.5695454235856467
1504,0.07225541784863755
1505,-4.108520672258573
1506,-3.2081837491393754
1507,-2.621040318568885
1508,-2.5927862611323063
1509,-3.7794090376708613
1510,-4.374748090980844
1511,-4.801319909154248
1512,-3.259870719078997
1513,-4.667948635900075
1514,-0.944297868266751
1515,-4.514363110940509
1516,-1.9862353301028952
1517,-3.799279143876521
1518,-1.980204765952957
1519,-3.1075475516040725
1520,-3.3688546413754907
1521,-4.08285054676536
1522,-3.1366814979115194
1523,-5.676774053281748
1524,-5.2742727059552585
1525,-4.160721165166983
1526,-2.719591418186255
1527,-5.099699606499825
1528,-3.4927776440632687
1529,-3.1839217610542088
1530,-1.869127330728924
1531,-2.8556778785933097
1532,-2.644313409915232
1533,-4.368037011536083
1534,-4.261565945402737
1535,-3.456152157477879
1536,-2.7755401794066867
1537,-2.630304299787087
1538,-2.1195000036964293
1539,-3.3471066406152685
1540,1.0927492307010067
1541,-4.7039936025943945
1542,-3.9088694468353493
1543,-4.573372978212445
1544,-3.8086226180369636
1545,-2.4616182581110637
1546,-3.334743253114357
1547,-4.247566223850741
1548,-2.3457483008883213
1549,-3.8100655155727052
1550,-4.334518214030155
1551,-1.9467377481979857
1552,-4.031999458193899
1553,-2.9147207856215243
1554,-3.2936590143409332
1555,-3.4306709234748434
1556,-2.6988994142483516
1557,-4.470649826405475
1558,-4.988080265656843
1559,-1.2463688859559234
1560,-4.892241068606489
1561,-4.030240585530236
1562,-2.6290169062670654
1563,-3.786796535928949
1564,-4.643677507263355
1565,-2.658389032978466
1566,-5.3413117217026596
1567,-4.298125966548824
1568,-3.1149959507870473
1569,-2.1130408667358176
1570,-3.0354996297912944
1571,-1.6769085680738305
1572,-1.838637315488849
1573,-3.1376529513533917
1574,-1.9387749840713517
1575,-5.628012358911457
1576,-2.544690207215609
1577,-3.9950989334429394
1578,-2.3372328094491768
1579,-2.918625539399237
1580,3.495733722607789
1581,1.2543371700377297
1582,-2.653442198751373
1583,-2.687024398369083
1584,-4.676572437950154
1585,-3.4287207277327862
1586,-3.2883603741127274
1587,-4.998908913959939
1588,-2.814319309123432
1589,-4.863017905700617
1590,-3.1909417199454477
1591,-3.514168990527826
1592,-4.775394109207132
1593,-0.6612060925543487
1594,-3.275661269128118
1595,-4.263198729679675
1596,-2.0812235359714415
1597,-2.7029288894356647
1598,-1.8601400725282076
1599,-3.208458970056765
1600,-3.414560946708354
1601,-4.345532038269325
1602,-0.8629547405550311
1603,-2.1626234983588364
1604,-4.47227495488372
1605,-2.242057247032504
1606,-1.159421244819342
1607,-0.8275777497545619
1608,-3.2320935024737953
1609,-1.8304794115826466
1610,-2.888383629393183
1611,-3.1689697165928505
1612,-2.726164312339576
1613,-2.7243940481062032
1614,-3.127497681190165
1615,-4.296213020407852
1616,-2.233436083074448
1617,0.03358735093983962
1618,-4.853917251780839
1619,-2.2722955705653454
1620,-3.253723653108889
1621,-4.007481903896443
1622,-4.94154636959748
1623,0.17368061386723566
1624,-2.194122367290106
1625,-0.7648207233123973
1626,-4.104463704480944
1627,-4.000994225935871
1628,-0.7107302346283892
1629,-4.042772165471715
1630,-3.5665234205390854
1631,-3.1936911775971684
1632,-5.2619174891453415
1633,-4.809504538870637
1634,-2.5655298199924386
1635,-0.94886384572121
1636,-4.429886048234958
1637,-2.1208759360069642
1638,-2.0473630209061318
1639,-2.4955413173335548
1640,-4.969127018661605
1641,-0.7678563135537985
1642,-2.4762081829928912
1643,-4.679671461810373
1644,-0.9303661051140975
1645,-0.8100501355672268
1646,-3.274971682238062
1647,-3.0682099994500547
1648,-3.9906673709037315
1649,-2.2158222850140157
1650,-0.9481305356935502
1651,-3.894424692931276
1652,-2.3474877070019406
1653,-1.6113403366332868
1654,-0.9588747460000078
1655,-4.090962907585881
1656,-3.58096164238909
1657,-2.1377813435879505
1658,-1.8083419325837087
1659,-5.4682791455362825
1660,-2.2386375815813184
1661,-2.313076194124365
1662,-3.9285790313739533
1663,-4.183236996859253
1664,-3.8505288804603204
1665,-3.9410358138316055
1666,-2.759015443873406
1667,-5.657983098243765
1668,-2.428166044906152
1669,-4.948540222260355
1670,-2.3785331378075485
1671,-3.841290997729315
1672,-4.671570776582117
1673,-2.802452940831216
1674,-3.316100460666472
1675,-0.8200611639035263
1676,-3.6226377655120747
1677,-4.971157738993927
1678,-4.983445073414744
1679,-2.666469366600694
1680,-2.5592731754415876
1681,-2.7194009235844985
1682,-5.303160619456118
1683,-3.663375221735304
1684,-3.1442925629520944
1685,-4.609547498643213
1686,-3.834303615510019
1687,-3.470052905542595
1688,-3.5934721821551867
1689,-3.7057725564889457
1690,-1.1971979820464163
1691,-5.3528541122487185
1692,-0.6032811506735585
1693,-1.7108962006536896
1694,-3.6981247857621424
1695,-4.893826348466616
1696,-5.437306678936726
1697,-2.4764672505684633
1698,-3.315782637420912
1699,-4.111277929341844
1700,-3.3204528380754277
1701,-0.029123973964162386
1702,-2.766742275653093
1703,-4.7132689332903155
1704,-4.3352375406194925
1705,-4.591418713111061
1706,-3.4516898619731258
1707,-2.994691372598769
1708,-0.5484791399522232
1709,-3.676898791612658
1710,-3.5915066364807617
1711,1.1035259765660823
1712,-2.7412931347425484
1713,-4.401459435828318
1714,-2.925209953693926
1715,-2.2600871688586057
1716,2.0718674509678623
1717,-2.557743185066946
1718,-3.765046608508267
1719,-2.7973760317313805
1720,-3.3405217110711485
1721,-3.3620023461467468
1722,-3.8893351393209485
1723,-3.0771712603395645
1724,-4.704965732484722
1725,-2.5600921795725986
1726,-1.9189004389930588
1727,-3.286623494001453
1728,-3.180562736753887
1729,-4.210941347162302
1730,-6.099260993244549
1731,-3.9076314497151987
1732,-2.3562631990507317
1733,-3.8926030978706483
1734,-3.663612066759998
1735,-2.566029687376022
1736,-4.339861357766829
1737,-2.868532875397942
1738,-1.9532481663477104
1739,-4.559874510173331
1740,-1.2698396997422274
1741,-5.031611827076291
1742,-3.9711611230056967
1743,-0.23744959438299373
1744,-5.122698208322716
1745,-4.662854157019048
1746,-4.33847604900244
1747,-2.660006773708983
1748,-2.249672231809261
1749,-2.1714049564657283
1750,-3.6766417598873313
1751,2.0117070829477033
1752,-3.962450495786003
1753,-3.2403282866238237
1754,-1.6850595831563127
1755,-3.338487554586289
1756,-0.5719654179903304
1757,-4.085194059354863
1758,-2.5171676431889534
1759,-4.526276949068498
1760,-2.953785370257206
1761,-2.9293499135686116
1762,-2.024016458465607
1763,-4.217042285239551
1764,-2.1836930426504075
1765,-4.81495716285729
1766,-2.8987605148871456
1767,-4.31180226043387
1768,-2.4458681733316463
1769,-3.574098018260292
1770,-3.4313252326133434
1771,-1.2040763883884635
1772,-3.943493305596118
1773,-4.8751956631698885
1774,-3.5723449049399596
1775,-4.751437497473087
1776,-0.7244980134335189
1777,-2.794756794152306
1778,-1.1129831033915698
1779,-3.0023411358421908
1780,-4.199895429328522
1781,-4.159421268851498
1782,-2.0865973279107406
1783,-3.8012409422471465
1784,-2.9226341306011046
1785,-0.2956170481633239
1786,-4.018146224444743
1787,0.30779693052503615
1788,0.7512799043728837
1789,-5.73680117082252
1790,-3.26389609457423
1791,-3.95628631704727
1792,-4.563095272085009
1793,-2.9571559260099134
1794,-0.05118985047608417
1795,-3.641828546736727
1796,-3.7579884200682883
1797,-2.989054643904812
1798,-3.6020290179683268
1799,-4.445161298105464
1800,-3.6678657253424976
1801,-3.574981281231786
1802,-1.1908729658561967
1803,-4.241430975775228
1804,-3.69370287322948
1805,-0.29160096574945416
1806,-3.986300233365845
1807,-5.329910945531021
1808,-3.0903677671489476
1809,-4.8239368328246135
1810,-3.2523609423491733
1811,-5.317372300513268
1812,-3.4122151777194465
1813,-4.6060398023010585
1814,-3.239489390894671
1815,-4.231135554641091
1816,-3.030985660866557
1817,-4.615595456325798
1818,-3.8679414982364486
1819,-3.8583860049217145
1820,-4.6355884321108585
1821,-4.796323750592223
1822,-3.156473846895611
1823,-1.3744573241823366
1824,-3.554588724566037
1825,-4.104388946470159
1826,-2.4585419775462696
1827,-2.5514252768461385
1828,-3.9853881747185596
1829,-3.7725846515820836
1830,-3.5697884577167303
1831,-4.6114249530884
1832,-2.918264857821051
1833,-3.696143433411918
1834,-2.0249054172131395
1835,-3.099698944417561
1836,-4.505194294461753
1837,-4.134619795229178
1838,-0.7938749071673057
1839,-0.7093133138452314
1840,-2.1678224856697046
1841,-2.1291782530357977
1842,-3.1883912893664217
1843,-3.4751898133950667
1844,-4.971177191822333
1845,-1.9288382781184392
1846,-4.913979385088743
1847,-4.019261439779252
1848,-4.343208807003186
1849,-4.464255490142234
1850,-2.0744086669311725
1851,-2.9374881746195554
1852,-2.9544585323866928
1853,-2.234625235929955
1854,-4.196298372355786
1855,-4.397122069023474
1856,-2.640500404786146
1857,-4.779618639655253
1858,-6.483674284359169
1859,-4.850981827900997
1860,-3.2246655204571857
1861,-0.6671525869863655
1862,-3.825679927575546
1863,-1.4454058827971805
1864,-2.355925075203082
1865,-1.8669090997891096
1866,-1.4952938712547628
1867,-3.4077002917720898
1868,-3.218787051195066
1869,-1.8790318102651486
1870,-4.445737510536141
1871,-1.8070100016073527
1872,-2.7012348639860457
1873,-3.6511514398793303
1874,1.6637901796742314
1875,-5.209308163485128
1876,-1.6232203798627118
1877,-2.513829998875009
1878,-4.8788652454640715
1879,-2.1524656402936144
1880,-3.7577187177593454
1881,-2.523571653019808
1882,-5.251356639103956
1883,-4.396735550615839
1884,-2.196427411954614
1885,-1.7820885047759862
1886,-1.905400763350195
1887,-3.7340418738308707
1888,-3.0172934906677975
1889,-2.809217890089242
1890,-3.396156607036036
1891,-3.7026746187066117
1892,-2.659423417718319
1893,-4.0096853583277055
1894,-3.353738331532874
1895,-3.553429570275406
1896,-4.600230195369125
1897,-3.710398574401355
1898,-3.512091500354448
1899,-4.024127015083649
1900,-4.302353147289766
1901,-1.1848926550352301
1902,-3.9653133881920097
1903,-2.641223294162913
1904,-4.336277807865506
1905,-2.7788067825441423
1906,-0.6071281453575827
1907,-2.6301969882535494
1908,0.2640577502391601
1909,-2.2148403405385966
1910,-2.944529763741446
1911,-4.275377741749394
1912,-1.3127810128082635
1913,-2.7660560255087527
1914,-3.4317984483232005
1915,-2.3795871696430666
1916,-3.880206001853774
1917,-3.3722414710847017
1918,-4.578689599046901
1919,-3.001636918051203
1920,-3.097596022094201
1921,-5.069137445116685
1922,-1.6976455806716333
1923,-1.8188469392581017
1924,-0.4845413301143683
1925,-0.7628013553688413
1926,-3.6962260283804307
1927,-0.35323199213034895
1928,-3.234766485791158
1929,-2.781129906834657
1930,-3.1481869415962533
1931,-4.169081139285801
1932,-2.5212154797869566
1933,-0.21232571217990073
1934,-3.342104284845546
1935,-2.805377779898997
1936,-3.9462192322100718
1937,-3.9628750271798237
1938,-0.7592219140148025
1939,-1.4160593387861415
1940,-2.2487763538706016
1941,-2.8084880289288368
1942,-3.573156676241315
1943,-1.6124930605823782
1944,-2.170168881732534
1945,-2.240516076371686
1946,-5.066012118251531
1947,-2.287885338348405
1948,-3.4038340938386327
1949,-0.7382039220723647
1950,-4.302812436133197
1951,-2.3480004629120175
1952,-3.2559760148210937
1953,-2.395737353519203
1954,-3.4585437223715854
1955,-4.880452369902108
1956,-4.484627236429015
1957,-1.724186026276459
1958,-0.9576166196589732
1959,-2.126828422367409
1960,1.7510703501427705
1961,-2.099172296994751
1962,-1.1874407896539587
1963,-2.143590241737006
1964,-1.5895429549949993
1965,-3.6803430218982385
1966,-1.6525529668844652
1967,-4.8849517204186705
1968,0.31108838281301643
1969,-0.9716242124873522
1970,-2.5622535580423786
1971,-3.645613822046912
1972,-3.4539511458578294
1973,-1.2034839254983338
1974,-2.6245729446091985
1975,-3.1367147933102366
1976,-1.4899877542264988
1977,-2.905676385268871
1978,-4.706891519076739
1979,-2.4402791798027885
1980,-2.599193783711477
1981,-2.555506540139088
1982,-4.943991953066423
1983,-3.9176873444200093
1984,-2.9754154813432283
1985,-0.7741587460308298
1986,-3.5145183507406017
1987,-4.261080580625069
1988,-3.511681888676221
1989,-2.349457491200955
1990,-4.264315452110331
1991,-4.022949511606517
1992,-3.8989660883959543
1993,-0.7227736516500209
1994,-3.6635287729308823
1995,-1.4384503640136685
1996,-5.043532435663768
1997,0.39557680649628857
1998,-3.495200766740554
1999,-1.8631639780619467
2000,-1.5344693840241035
2001,-2.282849793558837
2002,-3.582330882976627
2003,-3.46787596719407
2004,-3.524100140766011
2005,-3.396937991578648
2006,-3.865476627380558
2007,-3.118027848784828
2008,-3.136349523273655
2009,-5.0966171457400415
2010,-0.7431661093562285
2011,-3.834699452290317
2012,-3.3000422111383165
2013,-4.865216260452339
2014,-2.1352826002345107
2015,-2.258973924980784
2016,0.5441639459194474
2017,-4.326311788661852
2018,-1.5931856504231299
2019,-2.676389246527532
2020,-1.7041277509180552
2021,-6.261227786506946
2022,-3.826324342335417
2023,-3.6489783809943055
2024,-2.771715034297328
2025,-0.23554000010013254
2026,-2.573134143790874
2027,-3.317691073219446
2028,-4.09346407536242
2029,-3.0098357664550996
2030,-2.3363632530580003
2031,-3.4756376036659766
2032,-2.536805899079001
2033,-3.894723567709268
2034,-1.095929475696351
2035,-0.05398816698620373
2036,-0.7671463757384113
2037,-1.3819818505048411
2038,-4.303860654174898
2039,-2.1546202472013185
2040,-1.0603121441008256
2041,-4.039138068266605
2042,-4.50158877318507
2043,-1.1596878279268896
2044,-1.8599975976339165
2045,-2.145297463635444
2046,-3.728433537919424
2047,-2.6122784132354337
2048,-4.8477163884980525
2049,-1.7987013966674852
2050,-5.073112932365603
2051,-2.7089847779219345
2052,-3.4699778530477428
2053,-1.3042456121016095
2054,0.23375851913563112
2055,-0.5468573739951641
2056,-2.589818966094062
2057,-2.9241868321123876
2058,-1.712725981421281
2059,-1.599343763426187
2060,-3.2213837192433354
2061,-4.773577218440707
2062,-4.395849828879779
2063,-3.5096496237724564
2064,-3.7468780578189578
2065,-3.0552963420393664
2066,0.46421607477928867
2067,-1.2594192617029203
2068,-5.144285937113717
2069,-4.371713659203062
2070,-3.022070774365301
2071,-2.764686269349543
2072,-1.7589986035451974
2073,-2.8198458911903024
2074,-4.060801277488769
2075,0.6298024134063924
2076,-3.9434372404125857
2077,-1.9221681235242936
2078,-5.126565770320369
2079,-3.177022367405956
2080,-5.518634074436372
2081,0.4961328401455902
2082,-3.3854657216490724
2083,-2.569818852707242
2084,-3.807142641570762
2085,-3.7151549071235324
2086,-3.0368901020736905
2087,-4.054591199941567
2088,-3.8161644498443636
2089,-1.4289286663797953
2090,-4.244768661309433
2091,-4.027195683670608
2092,-3.1301893951174367
2093,-4.129465777036278
2094,-1.4637861136442771
2095,-3.2377433743545545
2096,-2.917214270939491
2097,-4.7003701974582235
2098,-1.8902121045916742
2099,-3.108492745347323
2100,-4.04545148599502
2101,2.5334749375015657
2102,-3.094365062966402
2103,-2.8256709180148807
2104,-4.070387425369709
2105,-2.7570180196280707
2106,-3.0367645879142677
2107,-4.066292848135993
2108,-2.389237940829116
2109,-3.0738675840757224
2110,-4.5238092943631285
2111,0.5553014505452056
2112,-2.9517066483767147
2113,-3.0842928794582027
2114,-0.829790010492162
2115,-3.622581520817035
2116,-2.6873688198885244
2117,0.7613787945444739
2118,-5.5175631312765505
2119,-4.359220445610272
2120,1.3501474159579125
2121,-4.271677103221126
2122,-4.122005926517622
2123,-5.6907364236491755
2124,-2.429972350992947
2125,-5.815631810455255
2126,-3.564617583579874
2127,-4.277767070608563
2128,-1.7722336934769665
2129,-0.7817795227620921
2130,-2.2885811021582207
2131,-3.187681061423649
2132,-4.047955030908621
2133,-2.235646609654993
2134,-4.577791043365227
2135,-4.569378352258123
2136,-3.3376361205365894
2137,-3.027567351293214
2138,-4.528554535841763
2139,-2.8946803308890563
2140,-2.4251664773927764
2141,-4.175399256782706
2142,-0.13037645827517932
2143,-1.9437952955642654
2144,-1.3378502890890536
2145,-2.7669319299992874
2146,-3.0835719858334825
2147,-6.3698017563507605
2148,-2.7521475836654328
2149,-4.311000931371357
2150,-4.656365658127628
2151,-2.7258387158118573
2152,-2.983219631890563
2153,-3.169195640439101
2154,-4.061358223011088
2155,-1.4756216715148565
2156,-2.3953170808823763
2157,-3.309595715904036
2158,-2.715399260130004
2159,-4.09334008940215
2160,-3.8716417995379855
2161,-1.431700880095048
2162,-6.162346547206925
2163,-4.823953423330099
2164,0.06339250744987461
2165,-4.982743975492826
2166,-1.9017748317505703
2167,-1.9353069489213703
2168,-1.5819556313733192
2169,-3.296584071430015
2170,-3.0039476421886233
2171,-4.258244747969764
2172,-4.404264472851709
2173,-1.2122662533987236
2174,-3.4760298686332987
2175,-5.282742699851208
2176,-2.536195442210407
2177,-3.0155221091690443
2178,-5.532334185037651
2179,-3.8115795858216592
2180,-2.3192468798621713
2181,-3.5082059751663586
2182,-5.2536588213907365
2183,-2.3736235110826667
2184,-3.0230957488489905
2185,-3.77760402593025
2186,-5.342938877113756
2187,-1.4883181180023237
2188,-3.266551408668043
2189,-2.308575872621678
2190,-4.077186189654262
2191,-3.276301164888451
2192,0.9822760349626746
2193,-3.819886094568363
2194,-1.4273278450143965
2195,-4.26623005355116
2196,-2.898800750238593
2197,-3.3273084761288847
2198,-2.132997534855679
2199,-4.268076993526844
2200,-0.26705048805098164
2201,-2.458040827491117
2202,-3.6896048185447725
2203,-1.2570480702083995
2204,-2.872758050621905
2205,-2.475096578072344
2206,-1.7673303364674064
2207,-3.6691769917715393
2208,-4.584320665676925
2209,-3.0117047813855318
2210,-3.7081652616546448
2211,-3.149794722050683
2212,-1.4279991479555034
2213,-4.314931763370891
2214,-2.523889844991204
2215,-3.177709610634132
2216,-2.9997439797770187
2217,-2.6673216989666795
2218,-4.196702697203156
2219,0.5237649717821833
2220,-4.133928594833052
2221,-1.3916163098442231
2222,-3.237477995999771
2223,-3.029083943390265
2224,-5.035301326577133
2225,-2.6681177837547625
2226,-5.247336618453429
2227,-2.4019148136424575
2228,-3.8780007319740393
2229,-4.507142212783196
2230,-5.180563099736087
2231,-0.41598600150039367
2232,-3.9565993442530645
2233,-2.0253041586180505
2234,-2.7076590626325485
2235,-4.680373195274144
2236,-3.7115270167836285
2237,-3.1997012288929074
2238,-2.1679555259112155
2239,-2.2512881043871147
2240,-3.33748366069122
2241,-1.8506419982883493
2242,-1.9606960133465168
2243,-3.826100563443785
2244,-4.951803902968401
2245,-1.9025390713547703
2246,-1.3023625824347365
2247,-3.540794220864839
2248,-2.0635625914858635
2249,-1.9120103661895231
2250,-2.896294259736124
2251,-4.763833724594146
2252,-2.032652907548145
2253,-4.555448315822779
2254,-4.164783127401628
2255,-3.534773924287176
2256,-3.81728663939197
2257,1.1406280597940073
2258,-2.0735011844787365
2259,-5.372700174653906
2260,-4.632284836208688
2261,-3.4907408860624547
2262,-2.0701013536213306
2263,-4.84484768189805
2264,-2.8377235755188663
2265,-2.8570569368382985
2266,-2.422757330671024
2267,2.08441653416004
2268,-4.712021138598847
2269,-3.497597562716177
2270,-4.153269253745805
2271,-5.113108915647162
2272,-4.2630233691552455
2273,-3.1148880444960976
2274,0.48214785913048397
2275,-3.271675939192184
2276,-3.082495156753111
2277,-2.1688000832079846
2278,-3.9644263238186745
2279,-2.6455026057659747
2280,-5.208818214274107
2281,-3.431139374647518
2282,-3.97035701918077
2283,-4.393337706361763
2284,-2.312804663007667
2285,-3.6545284943633107
2286,-4.441153960125197
2287,-3.281672555095756
2288,-2.1546223027541695
2289,-0.1989329294379995
2290,-3.456288596387747
2291,-4.264111070168896
2292,-3.083348045002883
2293,-0.7529847557760092
2294,-5.586077258305735
2295,-3.3643122978938527
2296,-2.6518618485113308
2297,-3.7652008718867696
2298,-3.969086511449026
2299,-2.8231805492750617
2300,-3.75499478308952
2301,-3.179584810822914
2302,-1.2533840821053748
2303,-2.004988554383547
2304,-3.714146704306937
2305,-4.1662639365894805
2306,-1.9590612868563055
2307,-2.7908666118288608
2308,-2.7767221227575845
2309,-1.2551006991292701
2310,-2.65937795441706
2311,-2.367306845884099
2312,-3.4937448926539427
2313,-4.71828059577631
2314,-5.0071257506920634
2315,-2.838042719299823
2316,-2.39513769561263
2317,-2.4651792389532883
2318,-2.577262548341269
2319,-3.6147849560708494
2320,-4.463611902986281
2321,-1.9828628329428886
2322,-5.183983543674818
2323,-2.9069893786198446
2324,-1.8358039876394996
2325,-0.7071711887920366
2326,-3.0729720475297566
2327,-5.7246976401911
2328,-3.6378622471006534
2329,-1.50618289976801
2330,-2.266175850250187
2331,-4.849176397428874
2332,-2.326164622046821
2333,-2.278054868979118
2334,-3.273153152488229
2335,-4.256423215323196
2336,-3.1171880812240063
2337,-3.4981198864438325
2338,-4.721124999034038
2339,-2.8501666897944364
2340,-2.094030831688019
2341,-1.4284606406016278
2342,-2.213846643846216
2343,-3.6588347736138584
2344,-4.444097296143733
2345,-2.9937024624691886
2346,-3.7578600819526735
2347,-1.6222953108990725
2348,-1.5099294053711503
2349,1.576794905309229
2350,-3.6281478490301398
2351,-3.545947106350894
2352,-2.7859064766589547
2353,-2.844726555738621
2354,-4.634318961330993
2355,-3.7062742263107027
2356,-3.8358466350088456
2357,-3.508108818986207
2358,-2.7854958600385715
2359,-0.8276486158660439
2360,-3.0826691746519788
2361,-2.7532180706283516
2362,-3.4574804815816838
2363,-2.661227538741685
2364,-4.580925340987293
2365,-3.1774406314146204
2366,-3.2524260614296017
2367,-4.846777511714765
2368,-3.754045629640795
2369,-4.765372608451089
2370,1.597628305902857
2371,-3.0468640689688895
2372,-3.680947332451198
2373,-1.6176691716836442
2374,-3.3902460447233396
2375,-2.774484768255188
2376,-3.084645022832709
2377,-1.8649374791994018
2378,-2.316459196832636
2379,-2.0606877053543875
2380,-2.1399801049199265
2381,-2.8315445285530045
2382,-3.319602723322889
2383,-4.614490378686026
2384,-3.795963339410145
2385,-4.594878824780209
2386,-5.463842018603615
2387,-3.2374030582312767
2388,-3.6782885318068588
2389,-4.875592266736896
2390,-5.097324937751519
2391,-3.2463553593246366
2392,-4.393974260693762
2393,-5.64744150130145
2394,-4.016895413114496
2395,-1.8218956404679398
2396,-1.8484279412437565
2397,-3.5798554321607066
2398,-4.626059732948544
2399,0.10789393473702928
2400,-3.669094672280273
2401,-3.158644242013521
2402,-3.208536457463574
2403,-1.89636764758557
2404,-3.345000393879852
2405,-3.164184383502084
2406,-2.3619664566077883
2407,-2.47347178375851
2408,-2.8917336205786497
2409,-4.242869507405869
2410,-4.78170487614908
2411,-0.8638206331651472
2412,-4.145063754741782
2413,-1.769322510325659
2414,-2.4942616314447004
2415,-3.686715400032039
2416,-2.9924056036112177
2417,-3.9122006800446845
2418,-4.463630837809383
2419,-5.600681553398449
2420,-5.4520848851959585
2421,-0.6770101203752625
2422,-3.4032429058450377
2423,-2.141560591554835
2424,-3.7792834865446654
2425,-0.06076067701207621
2426,-1.4233191044089553
2427,-4.229228782559221
2428,-2.841127283232885
2429,-3.310774918604949
2430,-5.116385161939443
2431,-3.269436454099155
2432,-1.9688759467597532
2433,-2.490673372047366
2434,-2.6305860179957734
2435,-2.483943869354936
2436,-0.7052740933080202
2437,-2.376628209947784
2438,-2.8336545131577062
2439,-4.269641797979192
2440,-4.1636314973048165
2441,-4.6973667681008555
2442,-3.565487837140425
2443,-4.19055663352616
2444,-2.9855669225746775
2445,-3.4262634919683674
2446,-3.8238290368250594
2447,-3.328572497657291
2448,-5.939061456080146
2449,-2.57646892031666
2450,-4.978374872210139
2451,-3.7168022174419018
2452,-1.7039371106402788
2453,-0.3726341162397256
2454,-3.0372655252278022
2455,-3.364252801558401
2456,-3.4666941710615125
2457,-3.7782468095830724
2458,-2.601163603874618
2459,-2.732616713281175
2460,-4.640847001360054
2461,-3.062851907166583
2462,-4.502910255567304
2463,-0.4274012209978901
2464,-3.0584251822040596
2465,-4.784521523457511
2466,-3.14428809007658
2467,-3.7843175095568484
2468,-2.953803813232002
2469,-3.472961630902339
2470,-0.9992687403485185
2471,-5.134320844932873
2472,-0.07134201211555789
2473,-4.888088907748956
2474,-3.7651352076817606
2475,-4.1990657308125945
2476,-4.762354408044212
2477,-2.3584844003032988
2478,-0.6266446145877066
2479,-1.3474947503429628
2480,-1.8749731779104506
2481,-3.409860292073457
2482,-4.144945295069118
2483,-2.986593407196405
2484,1.186092210059642
2485,-4.405802129542914
2486,-3.0633207577267774
2487,-3.6199369441328457
2488,-3.081989556961281
2489,-2.936330223186623
2490,-3.8723612279210373
2491,-0.6486834216485564
2492,-5.0426303696700225
2493,-5.261760839911711
2494,-2.3599936981325182
2495,-2.882668830164004
2496,-3.981364758271021
2497,-4.583332004395343
2498,-2.280615484924525
2499,-1.9309731026467833
2500,-4.292807189934719
2501,-3.2641218839363426
2502,-3.824172592195083
2503,-2.745487478399336
2504,-4.279793673289534
2505,-0.21591103167106757
2506,-0.134278082120753
2507,-1.847704226792017
2508,-1.7842304182904996
2509,-4.804039798941591
2510,-4.08518598773688
2511,-3.291751970718217
2512,-4.011074374155761
2513,-1.0488424842123762
2514,-4.640143653803856
2515,-4.377732230582612
2516,-3.2076291785042823
2517,-3.2800103574952857
2518,-4.813944403517663
2519,0.0440898828762416
2520,-2.2378810707331604
2521,-5.501736553336252
2522,-1.9000855575222633
2523,-3.5557453345921566
2524,-4.848603348346462
2525,-0.5289584285283601
2526,-2.9688600638409817
2527,-0.9990553624752949
2528,-3.278832362022944
2529,-4.058919784723508
2530,-4.045582791533166
2531,-2.988875664942895
2532,-3.0631855679122024
2533,-3.9567633967342677
2534,0.9767193097838086
2535,-2.703177436776227
2536,2.7019030888525717
2537,-2.789995608203892
2538,-4.9638956661571765
2539,-4.368414043823324
2540,-2.4453585461419935
2541,-3.791525182712677
2542,-2.813531410785094
2543,-1.747410937980534
2544,-3.283562990163894
2545,-2.8723015096999758
2546,-4.177022027351978
2547,-4.4816204464994325
2548,-5.008470775173839
2549,-4.587766215982036
2550,-4.363965188989192
2551,-1.9690044074279958
2552,-2.5348760107603536
2553,-1.7977209025166874
2554,-2.4386482413657014
2555,-3.2546444409236184
2556,-3.1408077405969306
2557,-2.9711503449026466
2558,-2.6393092590953495
2559,-0.8664609727831092
2560,-3.030664786626929
2561,-1.9733494361615225
2562,-2.388282717654179
2563,-2.5057511659257834
2564,-3.3847041425483053
2565,-3.4060085797571684
2566,-1.765005771773988
2567,-4.079181137235482
2568,-4.643984533386257
2569,-1.740787825196797
2570,-4.626777343977009
2571,-3.7423669841065386
2572,-4.88531182166788
2573,-4.0901983954230525
2574,-2.0748876459062737
2575,-5.4082827148286325
2576,-4.1017936926430565
2577,-3.6566900077061604
2578,-3.617473510028527
2579,-2.1500553035853023
2580,-3.2518709013667175
2581,-4.7953324288765735
2582,-2.452548370727762
2583,-1.8268228818670726
2584,-4.112760352863113
2585,-3.9643593286533503
2586,-4.109215419820171
2587,-3.775614390815105
2588,-3.7463348645153594
2589,-5.058425247913575
2590,-2.889354026142172
2591,-4.688858781000421
2592,-3.9256212937984314
2593,-1.70771944222769
2594,-3.1159375202553177
2595,-1.7451486502408982
2596,-3.9826749929313277
2597,-0.5959168796362384
2598,-2.3548947584953654
2599,-0.1950727868013734
2600,-2.667539278743025
2601,-1.6302554749863136
2602,-5.689085499959851
2603,-1.0958768275978004
2604,-4.626790884302403
2605,-2.2423218915698815
2606,-3.7272325475387498
2607,-3.2775011891379306
2608,-3.616404238893971
2609,-3.2191110147631403
2610,-5.323018138371929
2611,-2.1067743227442133
2612,-4.669614036521252
2613,-3.440552846900135
2614,-4.75265555413808
2615,-4.656018479796509
2616,-2.3138627480933653
2617,-6.008184865458138
2618,-1.3680571913923345
2619,-3.733691686094625
2620,-0.19994988116026655
2621,-3.939931751803558
2622,-5.00764806054585
2623,-2.150690735245963
2624,-2.9375735314339173
2625,-2.2725052410551276
2626,-2.8362440383941934
2627,-2.009661896633858
2628,-3.0779450132287582
2629,-4.331494288232908
2630,-4.865942093330656
2631,-4.400179211059193
2632,-1.7825873055974812
2633,-3.1256189551468814
2634,-5.080802798540874
2635,-3.378214280243344
2636,-4.275712181609066
2637,-3.7177159345605917
2638,-2.9262409008257455
2639,-3.661665659601208
2640,-0.837946551929742
2641,-3.3779812822042308
2642,-3.810531912922001
2643,-2.058531591531462
2644,-3.153764301281274
2645,-4.614054234456727
2646,-4.555969275232973
2647,-1.4102457966397233
2648,-4.312828259990643
2649,-3.2498820746650545
2650,-2.0890548884575444
2651,-3.89250814227193
2652,-3.3275178845388655
2653,-3.385581950709711
2654,-3.473595488655424
2655,-1.982523808837194
2656,-4.374727212458819
2657,-2.9075749175378185
2658,-4.025310066549418
2659,-3.726223618734915
2660,-4.148294839269989
2661,-0.7797602559239203
2662,-2.9375271471587086
2663,-4.517657558086997
2664,-3.0301549969097015
2665,-4.262369411227284
2666,-4.592717282743331
2667,-3.3870899144090347
2668,-4.856117697985857
2669,-4.631454371318158
2670,-4.6329952799341925
2671,-2.8310308004583793
2672,-1.7474347767793077
2673,-3.0760615802791396
2674,-3.52282711480524
2675,-0.24588449550326605
2676,-3.157523600181826
2677,-3.8122026012721344
2678,-3.0773517026580013
2679,0.8495469461183084
2680,-2.47552832967086
2681,-5.063580660928103
2682,-3.3365157222129365
2683,-3.9295696673156586
2684,-3.2815857192228104
2685,-2.673234213928985
2686,0.8669299046673776
2687,-3.259870388597361
2688,-2.7895333422793525
2689,-4.677057771840528
2690,-1.5558699606031317
2691,-1.3812844017585553
2692,-1.838155796683021
2693,-3.4133957739173497
2694,-4.9760601922528425
2695,-2.932597519928675
2696,-2.904354423865071
2697,-2.6587874500711264
2698,-4.530883847298282
2699,-3.3639457597790843
2700,0.21948137252496994
2701,-3.8662642217810306
2702,-3.246238020689988
2703,-3.960839221539732
2704,-3.5714217528262253
2705,-1.7189058619838375
2706,-2.5145633241928493
2707,-4.530636675129309
2708,-4.822958105003039
2709,-4.796955456252495
2710,-3.074644942982572
2711,0.2718550577310594
2712,-4.765595392387842
2713,-4.6748731547736515
2714,-4.530408055133967
2715,-3.7747285259833463
2716,-1.904673455478989
2717,-2.212162931353076
2718,-3.4627031696555135
2719,-4.231907700226148
2720,-3.340439701028943
2721,-4.581431056581099
2722,-4.999806000891708
2723,-5.378472024803747
2724,-3.7947598133438922
2725,-5.319387543779575
2726,-3.107668309741004
2727,-4.475455988000634
2728,-4.15616331530463
2729,-5.825146418362154
2730,-3.1492335081201466
2731,-3.409271374118478
2732,-4.899443951812793
2733,-4.237600201216378
2734,-4.007608955014598
2735,-1.214703832321457
2736,-1.9128595169200049
2737,-2.8356139883432947
2738,0.03000527360437579
2739,-2.6645760982036943
2740,-4.841537745393167
2741,-0.025209285746369412
2742,-4.64047214214596
2743,-0.44194213894602913
2744,-2.042677406350242
2745,-2.6388321971462823
2746,-2.5478513774215084
2747,-0.41633161435139754
2748,-3.212325517185456
2749,-3.40213285226216
2750,-4.6257226405854
2751,-3.3201007723648326
2752,-3.1824566996226205
2753,-4.089618332733287
2754,-4.880409547753718
2755,-2.594236904407023
2756,0.35288456187155576
2757,-2.7407522262917827
2758,-4.61624423272935
2759,-0.8422884259757528
2760,-0.9070064488161538
2761,-5.286679562880202
2762,-1.9373236538829877
2763,-1.877115349807503
2764,-2.7034321797064957
2765,-0.7033038075981096
2766,-2.1966509165414343
2767,-1.2095893041070072
2768,1.9343159064999558
2769,-3.9996886134620326
2770,-4.172767588494266
2771,-1.8873894557929531
2772,-2.4896078604230323
2773,-4.579515903743046
2774,-3.355065238859767
2775,-3.7064099153921473
2776,-3.4752657974491084
2777,-3.5343386493104996
2778,-4.05889142232129
2779,-4.762934682824479
2780,-4.3811260811784765
2781,-2.4283329504853333
2782,-4.142857481180926
2783,-3.540102717752409
2784,-2.364396671647084
2785,-4.664583971425901
2786,-2.433136020367729
2787,-4.176174184777402
2788,-1.469680586586682
2789,-0.5523095976717579
2790,-4.093911871338519
2791,-4.105835562797787
2792,-2.839374536448984
2793,-2.1118256556973307
2794,-2.9274396219353958
2795,-5.665141600727817
2796,-3.939276289785117
2797,-3.3723157076282377
2798,-3.3283630643998396
2799,-3.1653520053615765
2800,-4.439419136375314
2801,-2.539711748960937
2802,-4.440060216302504
2803,-2.886778557770277
2804,-3.976723355016737
2805,-4.330346241278801
2806,-1.01353373910093
2807,-5.500818823140828
2808,-5.397339223891901
2809,-4.641528736650187
2810,0.4202043005162806
2811,-4.95910400938926
2812,-2.1878195391403015
2813,-2.8283716201816103
2814,-1.0963386381971432
2815,-3.909397402813696
2816,-4.120953730977647
2817,-3.496659102076645
2818,0.673811021897735
2819,-3.9440559889477256
2820,-3.1675896251628157
2821,-3.937696308314284
2822,-3.3929203664563037
2823,-3.578982763977789
2824,-3.4028268954150835
2825,-3.828804917132659
2826,-3.305804704264615
2827,-3.651090699222583
2828,-2.9431856707470057
2829,-0.7780982097025999
2830,-3.482809048428944
2831,0.9723197173185111
2832,-0.0024236445179213633
2833,-3.8636661878080654
2834,-1.2755113714825717
2835,-4.2578950812222125
2836,-3.385965607534632
2837,-3.2338792200751514
2838,-3.293854005803248
2839,-3.3672210802139784
2840,-5.612859636596903
2841,-2.4173978825280273
2842,-3.075840328970477
2843,-3.625821114317818
2844,-2.810130588208337
2845,-2.8822816809630196
2846,-2.368759655722554
2847,-3.527665382922001
2848,-1.4391602695188304
2849,-3.4117775525989678
2850,-3.140542143916115
2851,-4.3684675441436935
2852,-2.0883278224615407
2853,-2.912384662036332
2854,-2.1639148008866136
2855,-3.6112241629579005
2856,-3.1563094643706324
2857,0.21059439043379682
2858,-1.5361543396462334
2859,-2.4426791751483163
2860,-3.831084761557352
2861,-3.6113798899763516
2862,-3.5921173489337916
2863,-3.41481118164025
2864,-4.6213964020895855
2865,-4.344174468672823
2866,-1.5114498130168748
2867,-4.108575903260183
2868,-3.896927920124311
2869,-2.253787599679865
2870,-2.248824856284787
2871,-1.1955718828450304
2872,-3.7740700737139963
2873,-1.9640107261295134
2874,-4.344995706084556
2875,-2.2340294969057655
2876,-4.153610926058482
2877,-5.014408539113794
2878,-4.275874885683327
2879,-2.423465028219826
2880,-3.334893093716051
2881,-3.016926944593985
2882,-3.718849521440256
2883,-4.235220886758943
2884,-3.2244552656380683
2885,-3.6423596568723187
2886,-3.0553624354599576
2887,-4.484765414217659
2888,-2.6590091919060344
2889,-4.312790153503964
2890,-1.9686082066707078
2891,-2.890495171760462
2892,-1.7468848856649584
2893,-2.9401978855098623
2894,-4.534478459833064
2895,-3.1937785505967464
2896,-0.2952584273432133
2897,-1.9666942515042198
2898,-1.5969979893594364
2899,-1.2890565285831135
2900,-3.343315590268737
2901,-3.2802244045313667
2902,-3.5596323564321715
2903,-2.304984812283151
2904,-3.6678725902403775
2905,-4.584230073951595
2906,-3.9404844356111086
2907,-4.007822294632029
2908,-1.750714837823534
2909,-4.544398674198344
2910,-3.1811560786353175
2911,-3.4722657209827172
2912,-2.2504291347958474
2913,-2.065252613255861
2914,-3.2817148683042996
2915,-2.2147439652137084
2916,-4.639599800005248
2917,-2.0083839754869053
2918,-3.9326913415641584
2919,-1.7728926282668245
2920,-2.9731509073511746
2921,-2.9921644179793203
2922,-2.874793111193857
2923,-3.4424071701147496
2924,-2.4681674616927123
2925,-1.002399213544165
2926,-2.8840167147045173
2927,-4.06600650054016
2928,-3.7548635460278907
2929,-3.9396649601375464
2930,-2.6982115974184055
2931,-1.7267491744452133
2932,-3.8218278364567277
2933,-4.74127028602588
2934,-3.535987070237309
2935,-4.204277649369097
2936,-5.761248705610284
2937,-1.717206841895455
2938,-0.2535924957954823
2939,-4.591410355691169
2940,-0.42505522577674903
2941,0.8130485790419612
2942,-2.0660886901168536
2943,-1.2836514102663783
2944,-4.504807535644777
2945,-5.774031994882993
2946,-0.49691978075793525
2947,-4.714839926757836
2948,0.23655378215190848
2949,-3.9669453350417188
2950,-4.100407044232757
2951,-2.925417820803894
2952,-0.9025709807990258
2953,-3.136763526189193
2954,-2.7446200863468264
2955,-2.753679734699958
2956,-3.8093394597922297
2957,-1.5933452828522954
2958,-4.941752111479619
2959,-4.47297234707388
2960,-3.9466933191678306
2961,-4.009645436394072
2962,-3.6250994950159883
2963,-3.9910385041552603
2964,-2.864224805409173
2965,-3.564245468975119
2966,-1.8545102486169058
2967,-4.662032313970565
2968,-3.1498769367225123
2969,-2.428220764082576
2970,-3.7383865867310013
2971,-1.2206046906303456
2972,-3.2811435927470836
2973,-3.626947060726241
2974,-2.5858776593292716
2975,-1.9403514582399117
2976,-3.3616937267640914
2977,-3.890462959934731
2978,1.6683752652544026
2979,-2.6637255392167143
2980,-5.3578461401520885
2981,-4.267571099146034
2982,-3.3449298523361617
2983,-2.479816646797285
2984,-4.450569447404896
2985,-2.082722526090887
2986,-2.5158048925420426
2987,-2.108764758140749
2988,-3.052330541759877
2989,-4.351852410913853
2990,-4.68957504099363
2991,-4.036427755423692
2992,-3.925401917185982
2993,-3.6144387392684005
2994,-2.681425992670186
2995,-2.119786585533713
2996,-4.981967525040207
2997,-3.870735322322336
2998,-5.891997466141026
2999,-3.115559865721407
3000,-2.453843536665995
3001,-3.406834595210502
3002,-1.6276931989509258
3003,-4.422719965042884
3004,-3.365682300737769
3005,-3.881888286221803
3006,-3.3310349040124154
3007,-0.6037686726483671
3008,-5.182594148465097
3009,-2.284074590496348
3010,-3.5069166423735454
3011,-2.815707726359517
3012,-3.50570696332322
3013,-3.088467263868466
3014,-3.8248042278292123
3015,-1.8270719720959483
3016,-4.477222943482831
3017,-1.4653618343758956
3018,-4.728712136842178
3019,-3.424496575432081
3020,-2.2645998376622054
3021,-2.217289116636766
3022,3.092742404624111
3023,-2.2988470000518246
3024,-5.050310119442623
3025,-2.3719506752130326
3026,-5.116608454397985
3027,-3.688820889957165
3028,-1.8972943149312629
3029,-2.2967971609023166
3030,-2.9621081779700313
3031,-3.274480694810807
3032,-2.148497521424587
3033,-4.496079441411347
3034,-3.3632221143506014
3035,-3.349359586733022
3036,0.223394886963374
3037,-3.047563368050538
3038,-2.5405955355101817
3039,-4.633661636290857
3040,-2.946910105656194
3041,-3.4169507882314214
3042,-2.7040797751551375
3043,-2.786094719879247
3044,-3.586933569074588
3045,-3.6848128599449024
3046,-0.0779797427196452
3047,-2.210375821393029
3048,-4.212826804849274
3049,-4.620617129562436
3050,-1.6514360757391502
3051,-3.4152355616508245
3052,-4.614597476792388
3053,-0.3993797224429231
3054,-2.6755864044858066
3055,-4.152944612564545
3056,-0.8993722056305082
3057,-5.174369706156885
3058,-3.5310160347812847
3059,-3.983991284794464
3060,-3.1490309125699443
3061,-3.8741198261928123
3062,-3.6059852949615934
3063,-2.914622394218415
3064,-3.204537825227824
3065,-2.9602451712284035
3066,-3.227555253621802
3067,-5.36709618221588
3068,-3.0170048119157116
3069,-3.278772984857215
3070,-3.720193342502954
3071,-2.9760525233042556
3072,-1.9940320508935179
3073,-2.7554467984929567
3074,-3.467753197746801
3075,-2.5168553712358044
3076,-5.342316832102826
3077,-1.802962461737422
3078,-0.03471664873575686
3079,-1.049912072380952
3080,-2.815444471162552
3081,-1.6915500064561702
3082,-3.838171030598548
3083,-2.615414816764379
3084,-5.41539590194653
3085,0.0018153785820234755
3086,-2.2453440887988596
3087,-3.5364553144641135
3088,-1.997869967643767
3089,-4.622973028376206
3090,-4.653387279118303
3091,-2.000102907131692
3092,-1.9000067430597842
3093,-3.4881564152536493
3094,-1.4876420150855882
3095,-3.962002147816338
3096,-4.339008048973701
3097,-3.597427490967391
3098,-0.6620442930898712
3099,-0.2616930833953239
3100,-4.6209252191166845
3101,-2.770945649164036
3102,-3.296533945700607
3103,-3.75661817568875
3104,-4.379286569091362
3105,-5.084339661083098
3106,-3.5434070775996416
3107,-4.201444719465595
3108,-2.3695594840450993
3109,-2.2938417351989866
3110,-5.127876422886682
3111,-3.1487807121683336
3112,-5.507569971561847
3113,-2.5203014897283014
3114,-3.9130661226813106
3115,-5.953784250100057
3116,-1.9296064135590747
3117,-0.4048886992326867
3118,-2.6833313029468284
3119,-2.8802901483944314
3120,-4.658884903150053
3121,-4.666495656794693
3122,-3.432025058794639
3123,-1.3682913106584125
3124,-3.662446694145068
3125,-3.926698113020791
3126,-3.4308839093949413
3127,-2.7274078268364508
3128,-3.874511362691495
3129,-4.618097012038236
3130,-2.4337973429869937
3131,-0.6979232158957803
3132,-2.884426324427664
3133,-4.198645226969591
3134,-3.9595453991104734
3135,-4.188898311128244
3136,-0.6896297078010256
3137,-0.047004659412305284
3138,-3.167920863383751
3139,-2.1695121991089943
3140,-4.196509841490249
3141,-3.2108582827148604
3142,-3.0239805100073878
3143,-2.086132352623301
3144,-5.446029831972289
3145,-3.8771416651246877
3146,-0.9665680039675035
3147,-2.4164995684936774
3148,-1.8344089681576323
3149,-2.6855210752885355
3150,-4.548712705564221
3151,-4.851579912472291
3152,-4.567110867334409
3153,-2.350595367785535
3154,-4.986725583631746
3155,-1.054359227196455
3156,-2.212593769975215
3157,-1.238381657503487
3158,-4.515480759639651
3159,-1.5831527287001064
3160,-3.9264180835872575
3161,-4.028892145479609
3162,-5.044901578255369
3163,-4.659993397122115
3164,-0.44465928544227057
3165,-3.3244033631779133
3166,-3.5646443287584813
3167,-4.348192646768628
3168,-1.3687737405416525
3169,-3.5597002968534137
3170,-4.27363956585974
3171,-4.10982097640307
3172,-3.146899761812908
3173,-5.063192110322278
3174,-3.4313687835194115
3175,-2.762772574703936
3176,-4.222754837123605
3177,-4.020649651255391
3178,-2.555494576384197
3179,2.7291869632001564
3180,-1.1037015459913715
3181,-1.1462729315915554
3182,-3.939366871158834
3183,-4.6451415701867775
3184,-3.1537940225812924
3185,-3.057176642403455
3186,-4.61049035329527
3187,-2.9848152791750535
3188,-1.6110814438722902
3189,-3.5773652280654704
3190,-3.2625816208777527
3191,-2.189098911158283
3192,-3.1979914899013195
3193,-2.610288686601335
3194,-3.3880967287833412
3195,1.0782434560193823
3196,-4.2120806898952186
3197,-3.507242897835344
3198,-3.942150140211782
3199,-4.301391274341015
3200,-2.881174473865198
3201,-4.055259437875207
3202,-2.2824355158387837
3203,-3.3714418525940513
3204,-0.2258335226367933
3205,-4.181363311020706
3206,-2.58513191783001
3207,-2.2024353188327197
3208,-4.56024992843586
3209,-4.034865669109327
3210,-3.498253327879225
3211,-4.908984329879269
3212,-0.6836669725197121
3213,-0.6634780054422628
3214,-3.3758221116373726
3215,-0.1862240929462881
3216,-4.026206228473858
3217,-2.2729969359176345
3218,-2.1072578087718337
3219,-3.5009970624198146
3220,-4.148529982625583
3221,-2.138662329879814
3222,-3.7441909301159537
3223,-2.329966497067488
3224,-3.560943715398966
3225,-4.602433884585726
3226,-2.095725437156146
3227,-1.2309857863056328
3228,-3.4601791304668246
3229,-5.352641042871527
3230,-2.8721207339580617
3231,-1.733392154706203
3232,-3.900343961316492
3233,-4.341573220436406
3234,-4.428367154127464
3235,-3.406826608078022
3236,-3.2722985485259963
3237,-2.654223190718131
3238,-4.548036982595806
3239,-1.4788019037714761
3240,-4.490551094121174
3241,-4.653993049626778
3242,-2.227038791960434
3243,-1.0233855320918344
3244,-2.9478633991347816
3245,-5.609984785197748
3246,-3.0659345773851037
3247,-4.531726950096378
3248,-4.533245318602389
3249,-0.8539323691116087
3250,-0.5903895108087945
3251,-1.0772339579973935
3252,-2.8991997830066762
3253,-0.6875037797940531
3254,-0.556001310760677
3255,-4.112452173001979
3256,-1.7763726257011327
3257,-2.7655961375628917
3258,-5.299455495618748
3259,-3.0972897742316077
3260,-4.069943548674965
3261,-0.8175072559444274
3262,-4.223761086083308
3263,-0.008348730953103728
3264,-2.4477449416341317
3265,-4.770976351444053
3266,-1.310054240778633
3267,-5.068114413697983
3268,-1.6837853660244044
3269,-4.502912039114652
3270,-3.5297712985475282
3271,-2.6918096085186676
3272,-2.714191707250386
3273,-3.2147943966763597
3274,-2.2477013751581434
3275,0.48591854834944287
3276,-4.186466210275621
3277,-4.208898836057745
3278,-2.121283894937692
3279,-2.4576286460220396
3280,-3.787462875616823
3281,-3.3518494398065193
3282,-2.587592998665629
3283,-4.8751705386606545
3284,-4.247897889629614
3285,-0.3656159061684187
3286,-2.191153613372744
3287,-3.8078604524755146
3288,-3.289204271287827
3289,-3.736625953526195
3290,-3.5741690384173648
3291,-5.078874844052984
3292,-1.7138220858238065
3293,-3.083796291908919
3294,-3.593466444199611
3295,-4.465647054855508
3296,-3.7723255444287087
3297,-3.629363761822672
3298,-4.671231903115348
3299,-3.4244002766697093
3300,-4.73828849268693
3301,-4.0019629578425775
3302,-1.7459943605189356
3303,-3.393372097251367
3304,-2.0649401862286125
3305,-4.8983246141446495
3306,-3.3140801253836183
3307,-3.3744368928438258
3308,-3.4082802539399246
3309,-2.994279022827912
3310,-2.6195828801580503
3311,-3.7520126731129744
3312,-0.7967063945523383
3313,-3.346488519304726
3314,-4.742120939382451
3315,-4.480439258870007
3316,-2.6400733900325353
3317,-1.984767902261187
3318,-0.45975482808928186
3319,-4.454439873701738
3320,-3.177612007004217
3321,-2.399198799636915
3322,-5.035574313121428
3323,-4.381576694630735
3324,-2.245566373006949
3325,-2.8934002205578047
3326,-3.0996250395957667
3327,-3.941736718338723
3328,-2.109007684509903
3329,-3.2170907253445518
3330,-4.72708516325163
3331,-3.5713886639401795
3332,-3.8266996982340484
3333,-3.666107702692388
3334,-3.065303007643644
3335,-2.8679872277179417
3336,-3.532789664607507
3337,-5.917646128255093
3338,-4.931525567931113
3339,-3.603376314010959
3340,-4.52761221886983
3341,-3.647094346401177
3342,-3.2580302175369464
3343,-3.849564701621753
3344,-2.1308683659631407
3345,-1.2973015613841965
3346,-3.4441834923816392
3347,-3.052307923140821
3348,-4.537746091174066
3349,-3.7854895496286787
3350,-3.16523482342386
3351,-2.3953547887509132
3352,-5.121785881212407
3353,-4.504555940839519
3354,-3.3333320599255285
3355,-3.7020288167500888
3356,-2.948158524791497
3357,-1.484699437414538
3358,-3.9654943005350427
3359,-2.14694626187524
3360,-3.9522237609351025
3361,-2.6779385358854038
3362,-3.8921210433302162
3363,-2.273663214238674
3364,-3.1226512224890506
3365,-1.9759384431348395
3366,-2.30596300909746
3367,-2.0444107260862863
3368,-3.5910519182991103
3369,-4.054372855358246
3370,-2.8805781674092326
3371,-3.371161827795375
3372,-2.340837180957506
3373,-2.8242047921753572
3374,-3.5439717442811607
3375,-4.115801639766565
3376,-1.5855520333913717
3377,-4.093084680170197
3378,-0.5400409998839442
3379,-3.894971676742959
3380,-4.355352603642027
3381,-3.7869682824042745
3382,-0.1398594338669546
3383,-3.973945704726769
3384,-4.2810417268721555
3385,-3.1802443187751805
3386,-2.133673431365644
3387,-2.9884754311409907
3388,-2.3462639413560327
3389,-3.154283365242365
3390,-0.9152039822296604
3391,-5.375991322743689
3392,-3.6318371197506405
3393,-0.6064017913819922
3394,-1.6270831982901868
3395,-3.3258783869287365
3396,-3.4464556213264395
3397,-6.187966560861495
3398,-3.4984892285697144
3399,-3.9782864878305597
3400,-2.7995000141609734
3401,-3.0759946369868647
3402,-4.625982295854316
3403,-1.1560249392056443
3404,-1.0673692662996614
3405,-2.423641815383562
3406,-1.2620217655201222
3407,-3.575182846408491
3408,-3.2449545502376793
3409,0.29206435961636024
3410,-4.721239124389424
3411,-3.451316292206251
3412,-3.2031651817035547
3413,-4.04971898644761
3414,-1.8213057267761528
3415,-3.831621198297691
3416,-3.575373580361717
3417,-2.945474056653657
3418,-2.391140543367504
3419,-3.6917374477849942
3420,-2.14690403788855
3421,-3.7238352670044548
3422,-3.5022780797734523
3423,0.7757751619903609
3424,-3.1896496908991043
3425,-1.6877773425060212
3426,-2.457045519719395
3427,-1.8967981213809122
3428,-3.0669565573800734
3429,-3.5698281235453275
3430,-3.102784755488782
3431,-1.3822236643257277
3432,-3.0045233165942364
3433,-4.55442430056205
3434,-0.7414416438729123
3435,-3.053006965805207
3436,-4.311392284901149
3437,-2.6827428189877676
3438,-1.773225231867586
3439,-0.5439259938550477
3440,-3.6329836513072404
3441,-3.3211223884928267
3442,-3.604220526736602
3443,-2.2539014692755908
3444,-2.3691920459768627
3445,1.2009614951251326
3446,-3.728159721255984
3447,-4.153634776906185
3448,-4.033685420310287
3449,-3.429375612788411
3450,-3.410196570765155
3451,-1.9261455378707883
3452,-5.047406409821338
3453,-3.5471073003112017
3454,-3.7413783712130315
3455,-2.584657537744028
3456,-4.697516466681071
3457,-3.534729282497773
3458,-3.1632667122106963
3459,-5.281047014610928
3460,-0.9611402732616522
3461,-1.0487416475620994
3462,-3.369693057250307
3463,-3.5748892008357025
3464,-2.8164737567548834
3465,-3.882909184916886
3466,-3.6610845488896238
3467,-3.971530333082904
3468,-3.49408021557395
3469,0.2165327942996783
3470,-2.959777707070666
3471,-4.610212673949113
3472,-3.825362579265032
3473,-0.8912316757734886
3474,-3.564101279946478
3475,-3.2626844853717003
3476,-2.1820370166557255
3477,-3.7664185803185406
3478,-4.647258630488792
3479,-2.5650942416171567
3480,-2.059486491667825
3481,-2.7628053329704647
3482,-3.849086656942831
3483,-5.187481760783934
3484,-3.5710260424301143
3485,-5.380326768135114
3486,0.9656099681932526
3487,-4.951384504045024
3488,-1.5654012435466
3489,-0.6723653203060885
3490,-0.24152160178166124
3491,-2.8858046077206403
3492,-2.663407054596228
3493,-3.9792198669709506
3494,-4.0054579808705615
3495,-5.3597330378543955
3496,-4.005821794752171
3497,-0.3288386638260564
3498,-2.4608779515561605
3499,-5.24879551348576
3500,-3.562329454983398
3501,-5.214514170501491
3502,-2.7366710331280624
3503,-5.259595204670807
3504,-3.4478463827646793
3505,-2.5106496648896734
3506,0.11115615959759303
3507,-3.811275551387002
3508,-2.441912342599703
3509,-1.9212830243471566
3510,-0.15261629634232776
3511,-4.746962613007324
3512,-2.8735528661974348
3513,-3.7393555990786944
3514,-3.5585992257864096
3515,-5.529853626414662
3516,-4.069311415253646
3517,-5.079477456948748
3518,-3.1741108652778967
3519,-2.4584861964018105
3520,-2.259765828585738
3521,-3.330130197776387
3522,-2.527708831610036
3523,-1.494756705916206
3524,-4.230006492598811
3525,-5.023868648187161
3526,-4.514449687051331
3527,-3.6760160547080054
3528,-5.531262426414495
3529,-5.295294392849205
3530,-3.61645124467752
3531,-4.0921599862722156
3532,-3.2492481330074283
3533,-4.264426396791564
3534,-3.4844715410457034
3535,-4.682940045444434
3536,-3.590846064471207
3537,-4.618209534182854
3538,-1.5502426355865677
3539,-2.5839750295328776
3540,0.7590922964831538
3541,-3.380154164815522
3542,-3.317147289346975
3543,-5.516729742572794
3544,-4.4653640406942
3545,0.4127365327661718
3546,-0.6736600992458168
3547,-3.4732102171888104
3548,-4.257788636647704
3549,-3.3329458308295936
3550,-4.902917241445618
3551,-5.1661246946495725
3552,-4.441116501229051
3553,-3.3870470027319293
3554,-3.139974801487022
3555,-2.0657889482824974
3556,-0.800807906926608
3557,-2.4351128837120277
3558,-3.1309582907777
3559,-2.563076587513167
3560,-1.120926691813811
3561,-5.19960865953564
3562,-5.240512808481385
3563,-0.12132823499906359
3564,-2.3990101573055305
3565,-2.8646544996091636
3566,-3.8214149314717267
3567,-2.8363693509715975
3568,-4.908827833111289
3569,-2.5146901728248867
3570,-3.958304975356282
3571,-2.4700150963236642
3572,-2.542844148426402
3573,0.007469443301558291
3574,-4.252998917995205
3575,-2.7891567328248614
3576,-3.208143290392898
3577,-2.314709464263801
3578,-2.4144865675672618
3579,-3.1203428399557906
3580,-3.1786642183767913
3581,-4.515321642554151
3582,-3.852104747402928
3583,-4.814483778662434
3584,-5.585347080267965
3585,-1.5386832198703373
3586,-1.7786604473970913
3587,-1.4159587905310345
3588,-4.298917980917382
3589,0.9996109037300427
3590,-4.110569604900668
3591,-4.501415476040956
3592,-3.2696255131413996
3593,-3.5572915622997177
3594,-3.93728552984266
3595,-3.3881606143221883
3596,-4.047293553458469
3597,-4.816283787534695
3598,-4.181755226564342
3599,-3.338140303911225
3600,-2.78629663972473
3601,-3.1217891434406675
3602,-4.252390032814849
3603,-1.5796877366579192
3604,-1.9769672231940643
3605,-3.6485824086324743
3606,-3.1339586664963877
3607,-1.6820590285365602
3608,-4.515840952104036
3609,-3.7346235845403837
3610,-4.578215547276627
3611,-3.190867365014019
3612,-4.75471636501401
3613,-3.7089101120888794
3614,-3.746561802307064
3615,-1.4987488242806273
3616,-4.365058761838905
3617,-3.9799638801712245
3618,-2.624300178655407
3619,-4.291659925944354
3620,-5.47118422764356
3621,-3.495723304807565
3622,-3.582542215509961
3623,-2.6082588714967905
3624,-3.525793561345577
3625,-3.9966787201054097
3626,-2.204177579870511
3627,-5.371462399976227
3628,-4.969929044364246
3629,-3.8043571369316878
3630,-4.032345969764808
3631,-5.087614163626713
3632,-1.7088379730497232
3633,-2.1262580122506107
3634,-1.4192872203293478
3635,-2.6534143004326123
3636,-3.2719580535022432
3637,-2.852331009774909
3638,-4.850903812681333
3639,-3.8939870100983778
3640,-4.628491070776749
3641,-2.51747065354368
3642,-3.7807465394799493
3643,-3.952056111110615
3644,-4.542223531668165
3645,-1.304427606230373
3646,-2.0940122426927976
3647,-3.33652174057449
3648,-2.9731898496569666
3649,-2.342995717025175
3650,1.96519320488651
3651,-4.414531738633146
3652,-5.345579506976848
3653,-3.807206156738492
3654,-4.350867435930532
3655,-2.3569764085777405
3656,-2.540687961624864
3657,-2.59789381361629
3658,-2.4140114498376266
3659,-4.338519718325946
3660,-4.0479254840665115
3661,-2.4689148244637846
3662,-2.8307948657662245
3663,2.368392200308103
3664,-4.050797968833932
3665,-3.6394542534481658
3666,-3.3725999928412898
3667,-2.9618833141436864
3668,-3.217430642033324
3669,-2.207912362225422
3670,-3.484566145470204
3671,-2.4024018490955026
3672,-3.610379960274461
3673,-1.4484045096828981
3674,-4.1824376356211594
3675,-4.331999175252496
3676,-3.9968841851900216
3677,-5.2264590116201814
3678,-4.995724946619098
3679,-4.805163078870648
3680,-4.998505240871783
3681,-2.1310007833297617
3682,-3.2356775942679157
3683,-4.305820578250604
3684,-3.621043265242179
3685,-3.5510162551862314
3686,-2.545980918920597
3687,-4.689308913970093
3688,-4.364720656790843
3689,-2.81794814546593
3690,-3.067500488648147
3691,-2.1832228080992118
3692,-0.9688631689623128
3693,-3.0756431056927753
3694,-3.86298239866452
3695,-2.0201022797979777
3696,-2.3547266685639716
3697,-3.6352820554686165
3698,-4.665768215499599
3699,-3.0909956998498904
3700,-3.6560996333441165
3701,-3.3536250079549883
3702,-2.780626224051796
3703,-4.07915413758051
3704,-3.072791343277059
3705,-2.5671265317218883
3706,-4.011415577713009
3707,-4.063118574473459
3708,-4.3375409409961465
3709,-2.373953270749356
3710,-5.457053342508046
3711,-3.6688458576356133
3712,-2.90633685064206
3713,-2.775124216963891
3714,-4.681644173389723
3715,-3.6864736777557527
3716,-3.884170600488233
3717,-5.985653061673786
3718,-0.3941443280889333
3719,-2.881434958204538
3720,-2.776539851245892
3721,0.09024510160416346
3722,-3.406284335447373
3723,-2.6002008142574393
3724,-3.3377576265377162
3725,-2.6924539497486073
3726,-4.31534104794378
3727,-4.084517759566023
3728,-4.03777096203383
3729,-3.838380346485583
3730,-2.3916139559144534
3731,-0.5903265191237771
3732,-4.156607323035502
3733,-3.322836594859864
3734,-3.5440093564410655
3735,-3.552864291408657
3736,-0.42623476202278565
3737,-3.047458170891815
3738,-4.614150307203942
3739,-3.2427232981301577
3740,-4.173309166866599
3741,-1.9433573211783972
3742,-0.8398919828201892
3743,-4.170098943943162
3744,-3.631626725722856
3745,-0.6439152530537584
3746,-2.40487008717963
3747,-0.9843260023213094
3748,-3.036733231920007
3749,-4.78673705745503
3750,0.28738264323391416
3751,-4.551843670691999
3752,-3.293021161617095
3753,-2.72899503342212
3754,-0.20187413638604967
3755,-3.1869972578335717
3756,-4.572282937001248
3757,-2.0238176199176228
3758,-4.206631225543423
3759,-3.6476445726002873
3760,-0.8761119420889009
3761,-1.8737238914543197
3762,-1.711475631775854
3763,-0.2443145327289833
3764,-1.6618746454815125
3765,-3.2534184817345064
3766,-3.781471098223934
3767,-4.4012847251098455
3768,-2.970409539915911
3769,-5.092183116011786
3770,-4.675019536218163
3771,-1.5477757509772039
3772,-1.7760080034822265
3773,-2.5505528165597564
3774,-3.9027629604589307
3775,-4.214026994436146
3776,-1.4139847642506322
3777,-4.5958229870119975
3778,-3.0655709523128003
3779,-2.06816261686909
3780,-4.250493649199703
3781,-3.814410671784491
3782,-5.141898629169721
3783,-4.0195672608079
3784,-3.9263308758255677
3785,-3.833395701699487
3786,-3.552906761521663
3787,-4.480740571656462
3788,-2.9605921324261004
3789,-5.252484569993591
3790,-1.0754192931117244
3791,-3.921109175812592
3792,-4.959200808191296
3793,-4.749460529072432
3794,-1.6646796958950425
3795,-3.2192970122749585
3796,-4.801411222337802
3797,-5.284921489273216
3798,-3.4869231177197255
3799,-4.284291231941096
3800,-2.7182929697920186
3801,-5.246935600105388
3802,-3.673816354498407
3803,-3.223953593492055
3804,-2.5325451676565423
3805,-2.0996942120204456
3806,-4.477785865160783
3807,-4.563511585397345
3808,-3.307517694641463
3809,-4.5023787065118395
3810,-2.2813650709496955
3811,-3.3139262684083888
3812,-4.718561893417328
3813,-3.5735680448123235
3814,-4.143467397141651
3815,-0.480714160452339
3816,-4.139153609929388
3817,-2.4052983228866283
3818,-1.9398783127372168
3819,-3.89235756639485
3820,-4.22191173352742
3821,-4.488983606791315
3822,-3.2968875106079225
3823,-0.7223661346251508
3824,-0.9462027530599066
3825,-2.3286503644252705
3826,-1.8959561947677122
3827,-2.420962309705313
3828,-2.4129401878789265
3829,-2.97458440248657
3830,-1.0596133286814768
3831,-2.9593306186895467
3832,-3.3135576035857395
3833,-4.586035333402427
3834,-1.8651813215376924
3835,-5.084175674624778
3836,-0.6660104508237011
3837,-3.15420636093928
3838,-3.6530807077286305
3839,-3.55474469195053
3840,-1.2259695834781554
3841,-1.557281015345391
3842,-4.399241720213065
3843,-1.3525290379041743
3844,-2.388463857227859
3845,-3.010058008888038
3846,-4.749384037391411
3847,-3.2629730926853995
3848,-3.9566762770912116
3849,-1.2743711875639245
3850,-2.974191978813232
3851,-3.5540028285726435
3852,-3.5311737008865665
3853,-2.0754503638570667
3854,-3.0300046459124346
3855,-3.4176961016580245
3856,-4.863847816791013
3857,-3.9848594828020056
3858,-3.132506053978035
3859,-4.930823750700132
3860,-1.2426690486950713
3861,-4.07921792130132
3862,-3.7948270785163856
3863,-4.573563730173894
3864,-2.4633891083744865
3865,-3.3715266545209563
3866,-2.7456134852224943
3867,-4.178784734190181
3868,-3.1813292893107112
3869,-3.990932885394336
3870,-1.6751186800314817
3871,-2.8987261883374873
3872,0.7877071284831006
3873,-1.7991680274309452
3874,-3.584812008667354
3875,-3.746500931465235
3876,-4.791967810034967
3877,-2.9823731346255427
3878,-2.519814139727923
3879,-3.4628910096317354
3880,-4.337925448746596
3881,-4.687540507376018
3882,-2.4488106926769326
3883,-3.1395111374986415
3884,-2.8188245790276683
3885,-2.27552561812162
3886,-3.5054878751598335
3887,-3.201705078908253
3888,-0.046666543056468425
3889,-3.6198299735982014
3890,-4.516458123900822
3891,-3.4099234170116572
3892,-4.742573687471947
3893,1.4126542790230265
3894,-3.4212905724220692
3895,-4.635578593885217
3896,-3.297205536925489
3897,-0.42062993596446757
3898,-3.7611272303694525
3899,-2.2442059124043774
3900,-4.160438780523916
3901,-4.591283435676228
3902,-5.275917227218696
3903,-0.5589313054293004
3904,-2.5065365827872537
3905,-1.9333508793691534
3906,-3.9767474730527748
3907,-3.5381353860519016
3908,-1.0950927311337535
3909,-3.3609638312689154
3910,-5.071998137072826
3911,-2.696588775116026
3912,-4.202614337445119
3913,-2.999376614283548
3914,-4.854797422816323
3915,-2.278535863248657
3916,-3.563850238221846
3917,-3.0453973413880324
3918,-4.15126586887056
3919,-3.432787394435472
3920,-3.706608287170024
3921,-4.4274595354770225
3922,-4.927023451703796
3923,-3.890379507593268
3924,-4.882646920124452
3925,-3.135283765998391
3926,-2.604669966253261
3927,-2.006839388013178
3928,-4.71213264141935
3929,-4.069871893574704
3930,-4.5843686435997615
3931,-2.347131788222237
3932,-2.6029569705722713
3933,-3.4418986630160084
3934,-1.7290679361223686
3935,-4.199374763043923
3936,-3.035059396056252
3937,-1.4300949843556738
3938,0.577108410737369
3939,-4.8004766845463545
3940,-1.497999175652149
3941,-3.2180306787383923
3942,-0.48784557151406815
3943,-3.908424734302948
3944,-2.0834354214956488
3945,-3.604977591924841
3946,-3.266440284468333
3947,-2.9248969136150196
3948,-4.355738918796156
3949,-5.403764986619237
3950,-2.2824891188748255
3951,-3.1482881051543155
3952,-3.555558067384565
3953,-3.269660868122929
3954,-2.5284160407027416
3955,-2.752731462239279
3956,-4.122276186641924
3957,0.6698424519859357
3958,-4.484556144004457
3959,-2.8817989790173786
3960,-0.6079795928178532
3961,-4.312794281823467
3962,-4.333395435425983
3963,-1.4811293608880893
3964,-3.9790764432741046
3965,-3.420647493418191
3966,-2.0856926851075825
3967,-0.8863779697360916
3968,-3.184006937428803
3969,-4.572461074882444
3970,-3.6883206875552785
3971,-2.5240587992627965
3972,-3.463892960024388
3973,-4.562586142663486
3974,-3.979798318034239
3975,-2.990297336535786
3976,-4.283083436471675
3977,-1.3810789894483522
3978,-3.8468328181594202
3979,-3.5787074933385767
3980,-1.7037517970612084
3981,-3.7698041004732468
3982,-2.951519312550816
3983,-2.0276622408188603
3984,-1.7383336794595332
3985,-4.120367924175285
3986,-4.1238398146227215
3987,-3.1879809556073875
3988,-1.337420832367272
3989,-2.2538167327567895
3990,-3.9059973007886346
3991,-3.7193896214079243
3992,-4.133362985613546
3993,-1.8809582124615774
3994,-1.2163562544868343
3995,-4.34322274726453
3996,-0.9992623456748371
3997,0.30749289596009227
3998,-3.608765582503389
3999,-3.480428530711512
4000,-2.1431403974667154
4001,-4.64667852506164
4002,-2.7733026673056855
4003,-2.6417098907031185
4004,-5.43221603341697
4005,-2.442989295255435
4006,-4.189306745715017
4007,-3.237618834199644
4008,-4.5330979414818815
4009,-3.670098339089594
4010,-0.3791780347534476
4011,-3.210770101347547
4012,-1.6773729205836447
4013,-5.473872666292668
4014,-3.0238282438928574
4015,-4.604005030373002
4016,-4.264577511111601
4017,-4.25014850787362
4018,-1.7755934540126017
4019,-3.7830596629022923
4020,-3.640953905736292
4021,-1.0097645661924217
4022,-2.689697275545986
4023,-2.4092912525344117
4024,0.5165502839626717
4025,-2.159693076020103
4026,-0.8752560263189681
4027,-3.906027912090896
4028,-3.0630119904289934
4029,-3.61241153408674
4030,-4.3311930353619115
4031,-4.1773247909569236
4032,-4.140744782782808
4033,-2.9486972604538724
4034,-5.273040398949082
4035,-3.332575588774857
4036,-3.5138646815994536
4037,-4.657184728449864
4038,-2.631491201488257
4039,-3.531168687509976
4040,-2.851242274923203
4041,-3.697594802141121
4042,-1.9272572991420032
4043,-3.0436738486130674
4044,-2.333129606119128
4045,-3.6735923433136937
4046,-3.415143467080044
4047,-3.0116949145912404
4048,0.5037047491911442
4049,-3.352594305689997
4050,-0.3947619569083293
4051,-5.751038872963948
4052,1.723655756871838
4053,-5.290021996268323
4054,-1.963055242223704
4055,-2.9054862311966025
4056,-3.0187059009001063
4057,-3.3229224896251073
4058,-2.976604698693718
4059,-5.0271594842348835
4060,-3.57332121117233
4061,-1.4042135959629773
4062,-3.5743130437048576
4063,-1.3348630294677144
4064,-3.012033787648465
4065,-1.72704171067298
4066,-4.086742169106576
4067,-2.7859371551848664
4068,-2.0457414858128518
4069,-4.042583309279322
4070,-3.310778074551156
4071,-3.1527793301761164
4072,-4.003122757254388
4073,-2.8178295223397583
4074,-2.4591674254570526
4075,-3.793695907452626
4076,-2.8784950150991984
4077,-0.09868563420721431
4078,-3.4838365693292834
4079,-3.8460497493474852
4080,-1.9783793244834444
4081,-4.237560983524429
4082,-3.57540855307738
4083,-3.68687016999931
4084,-3.4053673412431724
4085,-4.756808686824269
4086,-3.1416652932701514
4087,-2.9121666880924093
4088,-3.8150633572143926
4089,-3.3708714178593993
4090,-3.163274218821069
4091,-4.564334085094514
4092,-2.049674364389243
4093,-2.6832493831721362
4094,-4.41360681724101
4095,-3.1890658183683764
