,mean,std
0,-0.5342163,0.2446998
1,-1.3719434,0.24361067
2,-0.44495276,0.18393403
3,-0.4700587,0.40693304
4,-0.092960246,0.21266304
5,-0.685414,0.22121648
6,-0.9269299,0.20092571
7,-0.5528099,0.22481656
8,-0.41320446,0.1881209
9,-0.76157314,0.266104
10,-0.17141323,0.15071714
11,-1.1498551,0.1570056
12,-0.46247014,0.15761426
13,-0.8861988,0.27804485
14,0.059630226,0.28870025
15,-0.03988499,0.25221422
16,-0.17074373,0.17695442
17,-0.56947476,0.24612518
18,-0.6616001,0.26278573
19,-0.75990915,0.3261457
20,-0.7018418,0.18056184
21,-0.49360725,0.25189647
22,-1.1624122,0.3121063
23,-0.5223393,0.22980207
24,-0.38244787,0.21242334
25,-0.39597958,0.19530337
26,-0.49057636,0.2288601
27,-0.9130987,0.2351439
28,-0.13098723,0.19976744
29,-0.5269451,0.20938036
30,-0.48234102,0.24661739
31,-0.33787885,0.17182037
32,-0.8818329,0.26775825
33,-1.601956,0.47629908
34,0.24028459,0.18398936
35,-0.44692308,0.1539802
36,-0.78692955,0.20801283
37,-1.6826167,0.42338085
38,-0.15678978,0.27092552
39,-1.0038173,0.22686374
40,-0.95693237,0.1969234
41,0.023681793,0.22223271
42,-0.13059373,0.22163476
43,-0.05243007,0.5226059
44,-1.3490202,0.25697842
45,-0.794047,0.190559
46,-0.38711348,0.1618784
47,-0.8118021,0.40728632
48,-0.6228227,0.24151099
49,-0.41894022,0.2057007
50,-0.767862,0.2686526
51,0.16804671,0.15892465
52,-0.414695,0.26888785
53,-1.5544106,0.38675016
54,-1.0468539,0.22719717
55,-0.63336176,0.2071746
56,-0.7809572,0.2286607
57,-0.47191855,0.252861
58,-0.6343507,0.24066928
59,-1.0783576,0.19917153
60,-0.34101525,0.19223048
61,-0.23114638,0.21760224
62,0.08272145,0.39499003
63,-0.47848153,0.2936512
64,-0.037011452,0.17996451
65,-0.5651314,0.21865271
66,-0.4962422,0.23647426
67,-0.3487932,0.24149902
68,-0.58400464,0.23385155
69,-0.48256397,0.20215885
70,-0.46145636,0.22310673
71,-0.69252366,0.32275248
72,-0.7078735,0.25983098
73,-1.0845891,0.40010712
74,-0.7212039,0.23417397
75,-1.0644567,0.26693702
76,-1.1553307,0.18616839
77,-0.31627673,0.28118733
78,-1.3322946,0.25629106
79,-0.21249908,0.23700896
80,-0.5067133,0.24682984
81,-0.567899,0.30211073
82,-0.49776053,0.23550597
83,-0.6166871,0.25949118
84,-0.70550615,0.24283244
85,-0.9370927,0.259483
86,-1.4029917,0.28822476
87,-0.49561283,0.21869768
88,-0.58210456,0.19470505
89,-0.55259424,0.5195134
90,-0.41244322,0.1516643
91,0.07238048,0.2883097
92,-1.0358163,0.33824894
93,-1.7368007,0.37751743
94,-0.1858876,0.28018057
95,-0.75399905,0.19883147
96,-0.93194103,0.23774584
97,-0.4268482,0.2469904
98,-0.34406635,0.35866755
99,-0.47359535,0.28287107
100,-0.36233225,0.17006509
101,-0.89658755,0.27498093
102,-0.27889636,0.19415238
103,-0.33150178,0.26448703
104,-0.6010599,0.2242515
105,0.11409875,0.18457635
106,-0.724841,0.24307084
107,-0.24563552,0.27266178
108,-0.8361121,0.22718601
109,-0.4198079,0.21206255
110,-0.38300467,0.19078344
111,-0.055208415,0.1752549
112,-0.19130635,0.22820854
113,-0.52146715,0.1833261
114,-0.37482604,0.16113944
115,-0.47325882,0.25493908
116,-0.4987225,0.2628169
117,-0.3851334,0.24655212
118,-0.27467284,0.17686346
119,-1.1874852,0.2933631
120,-2.2626312,0.3895495
121,-1.2381157,0.23011163
122,-0.14323151,0.19027832
123,-0.47030035,0.17186032
124,-0.4574066,0.21203822
125,-0.15762098,0.25319737
126,-0.92856234,0.25030807
127,-0.5333789,0.24404167
128,-0.5574309,0.26900822
129,-0.8910067,0.22421171
130,-1.1363792,0.24232577
131,-0.032242287,0.18316585
132,-0.86023575,0.23518723
133,-0.9236013,0.2745894
134,-0.46929297,0.19402525
135,-1.2731025,0.43952647
136,-1.2062517,0.27854162
137,-0.67566997,0.2789386
138,-0.6572045,0.14567986
139,-0.3129335,0.21171528
140,-0.5011231,0.1954439
141,-0.7657995,0.20217055
142,-0.39156094,0.16528653
143,-0.20632403,0.3401843
144,-1.0406054,0.13010015
145,-0.77335185,0.16471736
146,-0.4092833,0.3435098
147,0.16523379,0.20879945
148,-0.78884983,0.26243198
149,-0.14666466,0.23968565
150,-0.49380642,0.21872896
151,-0.118016005,0.24352156
152,-0.31664333,0.22764911
153,-0.35159442,0.23748818
154,-0.7266968,0.20339966
155,-0.48230934,0.17423056
156,-0.72873974,0.20058748
157,-1.2938294,0.25043136
158,-1.3272077,0.24459209
159,-0.8335583,0.2403933
160,-0.3866153,0.21403682
161,-0.23602612,0.16327877
162,-0.37492418,0.20727898
163,-1.0844318,0.3685876
164,-0.52485514,0.15574302
165,-0.63682204,0.32296437
166,-0.19280498,0.29604775
167,-0.29531664,0.20852983
168,-0.533096,0.19516586
169,-0.6672998,0.20591679
170,-0.5908738,0.22725034
171,-0.97854125,0.20036486
172,-0.06679745,0.18295205
173,-0.23568021,0.20170236
174,-0.6302852,0.29821998
175,-0.16486607,0.28260434
176,-0.53774256,0.1429053
177,-0.5190536,0.25123852
178,-0.5116668,0.18820053
179,-0.68101275,0.227398
180,-1.0384823,0.38427553
181,-1.1543112,0.27578193
182,-0.74090827,0.21359222
183,-0.42354843,0.29875544
184,-0.6581157,0.28614992
185,-0.3961422,0.18571101
186,-0.79584855,0.22297455
187,-0.3202186,0.22179583
188,-0.76156056,0.34958455
189,-0.30196235,0.18995407
190,-0.09648204,0.27681902
191,-1.0565022,0.368806
192,-0.45542976,0.19981126
193,-1.4183621,0.27331153
194,-0.7545031,0.23039791
195,-0.7573977,0.2733231
196,-0.8092109,0.2333253
197,-0.05081636,0.25629532
198,-0.95624566,0.21152027
199,-0.3198851,0.19425882
200,-0.45898756,0.28861108
201,-0.0486734,0.1547048
202,-0.19597061,0.25761074
203,-0.3759389,0.21398965
204,-0.7147245,0.29584107
205,-0.44160104,0.29895523
206,-0.5937183,0.25583687
207,0.44143328,0.8435427
208,0.24418111,0.29933897
209,-0.94458854,0.22197615
210,-0.16010512,0.29013804
211,-0.4577873,0.17777433
212,-0.13236594,0.1988116
213,-0.057611007,0.19522566
214,-0.62729836,0.36880833
215,-0.64769965,0.29301974
216,-1.1303214,0.28855944
217,-0.6608152,0.24549198
218,-0.8764593,0.36507934
219,-0.6570385,0.19595592
220,-0.71581084,0.16296448
221,0.3495578,0.20936908
222,-0.4226524,0.18272689
223,-0.78320813,0.32361755
224,-0.86763144,0.21010673
225,-0.44783357,0.1778527
226,-0.72745115,0.23440711
227,-0.9445081,0.2552845
228,-0.7495233,0.296739
229,-0.7947797,0.29132813
230,-0.2790702,0.1887922
231,-0.52559984,0.19592515
232,-0.9655451,0.45374963
233,-0.89394313,0.24149942
234,-0.3081479,0.27587467
235,-0.35002255,0.3845128
236,-0.5359701,0.25369224
237,-0.84442484,0.2694103
238,-0.53558147,0.35114327
239,-0.5257661,0.26038447
240,-0.33147052,0.21649511
241,-0.2644633,0.26418445
242,-0.30473343,0.18805322
243,0.28570813,0.25158092
244,-0.24547188,0.23921958
245,-0.41533628,0.26848972
246,-0.003956272,0.17839064
247,-0.8737237,0.33658308
248,-0.50451756,0.19158538
249,-0.2979663,0.32011116
250,-0.25840038,0.2776172
251,0.06365489,0.20453909
252,-0.39407453,0.20365033
253,-0.73877466,0.16500226
254,-1.2060671,0.1751482
255,-0.7175646,0.20921932
256,-0.5043209,0.20369022
257,-0.035282735,0.25001737
258,-0.73378944,0.16238469
259,-0.34538284,0.22815177
260,-1.0267565,0.27691072
261,-0.48763084,0.2237615
262,-0.5689365,0.20340332
263,-0.07790315,0.19141325
264,-0.564216,0.21444193
265,-0.15407087,0.17447038
266,-1.1152422,0.18705244
267,-0.54932857,0.29730546
268,-0.55763024,0.44164205
269,-0.75061625,0.22867247
270,-0.45752546,0.18924238
271,-0.15165062,0.15790862
272,-0.15673022,0.2168227
273,-0.5858678,0.19902787
274,0.34409976,0.35196313
275,-0.95275354,0.2777785
276,-0.8408695,0.20927995
277,-0.8517016,0.30033794
278,-1.0067174,0.22583291
279,-0.5806314,0.19631481
280,-0.14366941,0.24368517
281,-0.79743856,0.33601186
282,-0.56737167,0.22003306
283,-0.34339476,0.2006295
284,-0.33307385,0.15076134
285,-0.38280398,0.21479742
286,-1.1145381,0.37481368
287,-0.71598697,0.15882738
288,0.08925514,0.2637242
289,-1.1332531,0.3274282
290,-0.9457301,0.2603214
291,-0.30774722,0.2721693
292,-0.46626633,0.19083576
293,-0.9634002,0.28441542
294,-0.8137957,0.22694413
295,-1.0988377,0.25123185
296,-0.70033026,0.26289254
297,-0.96503717,0.2976681
298,-0.515017,0.3143816
299,-0.56421626,0.19136909
300,-0.20469937,0.19601423
301,-0.39071235,0.2262583
302,-0.59463465,0.3830997
303,-1.1585485,0.20167176
304,-0.31119478,0.46930617
305,-0.528355,0.23374693
306,-1.0091273,0.2096652
307,-0.84408367,0.27351305
308,-0.8707027,0.3338986
309,-0.56833285,0.22502102
310,-0.71051466,0.2229366
311,-0.601428,0.2315501
312,-0.47844332,0.2415347
313,-0.391867,0.2987457
314,-0.6453786,0.22085257
315,-0.57632214,0.2652722
316,-0.5882641,0.23981147
317,-0.95814764,0.28200164
318,0.09950524,0.24966261
319,-0.1838753,0.2889392
320,-0.46436134,0.1781742
321,-0.5960311,0.21367463
322,-0.78562605,0.166025
323,-0.34723297,0.23542339
324,-0.68842024,0.30415595
325,-0.18972552,0.33003107
326,-0.06885175,0.1501177
327,-0.18648459,0.25904477
328,-0.71640486,0.27649328
329,-0.95653695,0.2884265
330,-0.59586006,0.3186055
331,-1.1960199,0.34741956
332,-0.29589048,0.23733644
333,-1.005019,0.3826071
334,-0.71696377,0.17366844
335,-0.5982395,0.17880192
336,-0.5308871,0.22034928
337,-0.52655846,0.28879207
338,-0.23706582,0.1610916
339,-0.79835397,0.19532895
340,-0.5650374,0.23955463
341,-0.43530163,0.23176116
342,-0.27739087,0.28915262
343,-0.67556876,0.31663558
344,-0.5326094,0.26885584
345,-0.926673,0.31198564
346,-0.58622205,0.30492464
347,-0.4116269,0.19928809
348,-0.38132465,0.16143781
349,0.111364216,0.19493146
350,-0.10521488,0.17331932
351,-0.7455915,0.22091468
352,-0.4557702,0.3629455
353,-0.4437428,0.2603333
354,-1.356196,0.29502916
355,-1.0643396,0.28597334
356,-0.78770083,0.25492227
357,-0.22171995,0.26673087
358,-0.0051777116,0.14128087
359,-1.0789756,0.33740085
360,-0.4478599,0.18312615
361,-0.64654756,0.16768202
362,-0.74753,0.23720446
363,-0.77595717,0.29159412
364,-0.3461451,0.28946033
365,-0.8801491,0.3430817
366,-0.415047,0.30169383
367,-0.22061217,0.31438458
368,-0.7779769,0.22058496
369,-0.26081553,0.1844984
370,-0.62527484,0.23964098
371,-1.1767695,0.21295042
372,-0.31045192,0.26976576
373,-0.55025786,0.16506657
374,0.0038407608,0.23312996
375,-0.6356801,0.23945844
376,-0.62568617,0.21118258
377,-0.19330326,0.27974534
378,-0.5707004,0.18274985
379,-0.6437246,0.208799
380,-1.1907489,0.3731527
381,-1.1063135,0.2702511
382,-0.71718425,0.18786587
383,-0.8352794,0.29254797
384,-0.59036833,0.19789612
385,-0.2209794,0.3216885
386,-0.7676883,0.2488696
387,-0.6135265,0.31744713
388,-0.13086738,0.24278986
389,-1.0319837,0.23934318
390,0.23505339,0.28831238
391,-1.4238334,0.29815766
392,-0.61843157,0.19767077
393,-1.2133977,0.2467049
394,-0.9413202,0.1799261
395,-0.44346693,0.30055526
396,-0.10411225,0.18893264
397,-0.33443752,0.1908072
398,-0.5130412,0.22634903
399,-0.35646808,0.2260405
400,-1.222,0.30997533
401,-0.53691345,0.20057866
402,-0.32652682,0.19725862
403,-0.34258103,0.22499351
404,-0.6236769,0.28575286
405,-0.30365586,0.18509194
406,-0.30742124,0.24735062
407,-0.45367762,0.3093727
408,-0.5088389,0.20983382
409,-0.1793134,0.22818387
410,-0.24487984,0.1997565
411,-0.48151904,0.1981241
412,-0.8600836,0.1988613
413,-0.104101844,0.22404744
414,-0.449753,0.17083532
415,-0.840844,0.28783128
416,-0.74962556,0.19156931
417,-0.36510676,0.19879116
418,-0.59040797,0.18410414
419,-0.4889078,0.26148397
420,-0.8372259,0.28717905
421,-0.48322466,0.15701444
422,-0.8888621,0.27929014
423,-0.19217487,0.39200008
424,-1.2145797,0.347214
425,-0.79583734,0.23541749
426,-0.58293515,0.24243681
427,-0.33020338,0.21288724
428,-0.5825054,0.319763
429,-0.65689313,0.20946266
430,-0.7136979,0.19892189
431,-0.19215757,0.20377138
432,-0.8418723,0.1795664
433,-0.33227468,0.1798646
434,-0.35520387,0.17210838
435,-0.5802805,0.16555168
436,-0.3422541,0.21103784
437,-0.65906197,0.23097478
438,-0.1172447,0.24597782
439,-0.13599084,0.2836204
440,0.098114535,0.23232728
441,-0.4193757,0.24669401
442,-0.66956985,0.21971028
443,-0.081196494,0.23289628
444,-0.11338796,0.24639016
445,-0.61094695,0.1903196
446,-0.7522778,0.22372857
447,-0.92432725,0.29696637
448,-0.67801213,0.27196768
449,-0.75388426,0.18782054
450,-0.49627286,0.26514962
451,-0.067588635,0.18149646
452,-0.63263965,0.18033484
453,-0.4931949,0.2135516
454,-0.80646473,0.22974053
455,-1.0733377,0.29285857
456,-1.0370259,0.3205826
457,-0.12504745,0.26497152
458,-0.95338255,0.40185595
459,-0.5642388,0.17911346
460,-0.56447315,0.18643327
461,0.100822054,0.22320604
462,-0.8592862,0.20683737
463,-0.14443727,0.26253608
464,-0.57543176,0.20156968
465,-0.8191458,0.305845
466,-0.52618587,0.15163547
467,0.033067808,0.23127194
468,-0.21872583,0.17739128
469,-0.32191688,0.23646234
470,-0.9986285,0.29443234
471,-0.5379439,0.30478454
472,-0.54364526,0.21692634
473,-0.84209627,0.22018808
474,-0.5749891,0.21518597
475,-0.9950411,0.1869648
476,-1.1443732,0.3540251
477,-0.6739748,0.26426682
478,-0.16176087,0.30493054
479,-0.22338149,0.24240759
480,-0.22016163,0.19235756
481,-0.40232292,0.15700096
482,-0.9372099,0.21987298
483,-0.30649018,0.185812
484,-0.78038853,0.29267278
485,-0.8368927,0.22026561
486,-0.58370215,0.24819721
487,1.33719,0.5728184
488,-0.87386173,0.26305914
489,-0.3377181,0.26337972
490,-1.1245855,0.29262832
491,-1.1574584,0.2885387
492,-0.3265422,0.16748813
493,-0.19644322,0.18148805
494,-0.012945896,0.18297583
495,-0.20261377,0.17564741
496,-0.71450746,0.16146092
497,-0.82988584,0.30077505
498,-1.3997679,0.23340754
499,-0.674644,0.25481328
500,-0.17083259,0.2251081
501,-0.89189345,0.20407416
502,-0.70601845,0.23757045
503,-0.5806742,0.26032546
504,-0.8081844,0.2836203
505,-0.44125095,0.23252246
506,-1.1819518,0.42345598
507,-0.6036253,0.27813783
508,-0.70743287,0.2285307
509,-0.16234206,0.31385547
510,-0.6123049,0.2309792
511,-0.3858439,0.20451866
512,-0.57955533,0.20784801
513,-0.5422464,0.20599648
514,-0.90932405,0.29341513
515,-0.76678765,0.27183
516,-0.27147746,0.20361748
517,-1.1471294,0.2742734
518,-0.19072646,0.3018988
519,-0.85967636,0.237432
520,-1.2497063,0.24145643
521,-0.28284317,0.1885461
522,-0.23631933,0.30326563
523,-0.44619885,0.21189532
524,-0.50088435,0.19039689
525,-0.39865726,0.29298803
526,-0.34983712,0.18851434
527,-0.45789528,0.30042863
528,-0.5013363,0.3048674
529,-0.67764986,0.24501085
530,-0.3823753,0.25936234
531,-0.35760278,0.16979136
532,-0.14537475,0.19228324
533,-0.038681284,0.29052642
534,-0.4527382,0.27112052
535,-0.3301494,0.21697053
536,-0.667118,0.23609546
537,-0.21263802,0.17823441
538,-0.14839262,0.13575943
539,-1.2988936,0.28374013
540,-0.53994,0.2719852
541,0.18335955,0.24698977
542,-0.7031068,0.27074262
543,-0.67645484,0.20155255
544,-0.20066239,0.20963098
545,-0.5974165,0.3493465
546,-0.33029318,0.2878034
547,-0.81817997,0.31856433
548,-0.7639441,0.1924921
549,-0.43566823,0.2445209
550,-0.40984496,0.23451865
551,-0.3195449,0.23805049
552,-0.67507625,0.2691056
553,-0.27811104,0.20262828
554,-0.15234193,0.2708328
555,-0.4654489,0.19689162
556,-0.31922153,0.1552462
557,-0.49544322,0.19512716
558,-0.6089718,0.27519423
559,-0.58246166,0.33250612
560,-0.86983764,0.32132262
561,-0.59290814,0.17282702
562,-0.38766825,0.249449
563,-0.85338974,0.24916114
564,-0.49715608,0.19983514
565,0.16184905,0.17575066
566,-0.5142604,0.31845537
567,-0.50369465,0.15085922
568,-0.7238587,0.36072084
569,-0.38501796,0.18492617
570,-0.9128286,0.23773323
571,-0.11404922,0.17060025
572,-0.7856846,0.1980602
573,-0.009138096,0.24712855
574,-1.2555288,0.28697583
575,-0.85499054,0.18581972
576,-0.8979033,0.25421843
577,-0.16184905,0.18988237
578,-1.318517,0.5127274
579,-0.7567003,0.2065462
580,-0.4103873,0.28738338
581,-0.6787721,0.18262373
582,-1.0040334,0.23436287
583,-0.20548926,0.21990329
584,-0.14387295,0.16190788
585,-0.4552111,0.17418459
586,-0.48799428,0.29528677
587,-0.23581837,0.16957356
588,-0.79448754,0.1986162
589,-1.4735737,0.3263933
590,-0.21297248,0.19897825
591,-1.3290709,0.3583165
592,-0.52325946,0.30189326
593,-0.8923524,0.3060627
594,-0.51279104,0.21588297
595,0.0022388073,0.195776
596,-0.7135821,0.18685299
597,-0.9278869,0.38251182
598,-0.45843035,0.1828995
599,-0.36508983,0.2131464
600,-0.34119806,0.25261518
601,-0.5077626,0.5061302
602,-0.34165093,0.20172334
603,-0.15060006,0.18873227
604,-0.4932881,0.21198851
605,0.0055283494,0.21650602
606,-0.9371716,0.31357783
607,-0.45966867,0.18795025
608,-0.29207346,0.22935668
609,-0.6481803,0.24780679
610,0.03125694,0.19348271
611,-0.51792854,0.22910504
612,-0.3342881,0.18647438
613,-0.9965684,0.133509
614,-0.7912493,0.23916422
615,-0.14650267,0.34204316
616,-0.66365385,0.16974793
617,-0.23384868,0.29113236
618,-0.3323284,0.22528313
619,-0.81321144,0.25010487
620,-0.9878008,0.29528695
621,-0.25420225,0.25725502
622,-0.6768417,0.28851604
623,-0.7611861,0.26003245
624,-0.13747479,0.17971389
625,-0.76102746,0.27072075
626,-0.41905463,0.2050417
627,0.08958082,0.1918966
628,-0.9941519,0.51700634
629,-0.27452743,0.254705
630,-0.70740104,0.30189133
631,-0.11821713,0.24400097
632,0.10289594,0.25832498
633,-0.43064934,0.16311418
634,-0.9386763,0.24311703
635,-1.1077478,0.23472357
636,-0.76702285,0.2699459
637,-0.6249803,0.24504071
638,-0.35263723,0.18752141
639,-0.446002,0.33565035
640,-0.59372526,0.23202084
641,-0.50285953,0.17783347
642,-0.6322228,0.20848738
643,-0.89541286,0.31701356
644,-0.06524484,0.23618127
645,-0.41574433,0.21165091
646,-0.3658157,0.18086006
647,-0.5740395,0.23245536
648,-0.5352701,0.23242792
649,-0.4382661,0.18550198
650,-0.51141995,0.4398388
651,-0.33517388,0.2654639
652,-0.5147396,0.26671553
653,-1.1079918,0.2671384
654,-0.48013577,0.20524903
655,-0.7825527,0.24742362
656,-0.45278934,0.27184758
657,-0.9070362,0.25702423
658,-0.5816382,0.31345433
659,-0.8211105,0.22739881
660,-0.4838005,0.28579023
661,-0.14171538,0.18941672
662,-0.35905805,0.18509863
663,-1.1885808,0.34582907
664,-0.4718925,0.2767617
665,-1.5843962,0.29966938
666,-0.32879502,0.19301398
667,-0.79936445,0.25332436
668,-1.053212,0.21127251
669,-0.18549189,0.3034598
670,-0.8537487,0.28445372
671,-0.9384559,0.28146222
672,-0.90857595,0.28805414
673,-0.55077165,0.18962076
674,-0.7505334,0.2692247
675,-0.961796,0.3447519
676,-1.1492753,0.29826993
677,-0.2253272,0.19251378
678,-1.271973,0.26482287
679,-0.21644339,0.3284762
680,-0.11380967,0.20859173
681,-0.14619067,0.23219885
682,-0.94743764,0.29618177
683,-0.26014194,0.21520762
684,-0.3015732,0.21477939
685,-0.38725623,0.3997065
686,-0.12601474,0.18834025
687,-0.29058206,0.30818424
688,-0.48460418,0.36031556
689,-0.35635865,0.21169947
690,-0.40502053,0.20255792
691,-0.23626624,0.14979535
692,-0.62864584,0.20149182
693,-0.9219884,0.29077923
694,-0.83472246,0.2615361
695,-0.3326308,0.2411769
696,-0.1769331,0.27001268
697,-0.5925354,0.3139436
698,-0.30939186,0.13516313
699,-0.17293777,0.19294114
700,-1.252159,0.313668
701,-0.27685142,0.21696874
702,0.20995538,0.2285158
703,0.17994681,0.2711108
704,-1.1344595,0.18788143
705,-0.4724186,0.28337786
706,-1.1066995,0.2207425
707,-0.20309927,0.18842773
708,-0.13928643,0.16324523
709,-0.5704752,0.2432414
710,-0.27557638,0.23605798
711,-0.22606918,0.34294477
712,-0.34667027,0.1954222
713,-0.31314948,0.53654236
714,-0.7132609,0.344489
715,-0.7265984,0.20428537
716,-0.9832915,0.2657302
717,-1.0085557,0.25342733
718,-0.029303301,0.19683833
719,-0.2060215,0.30895492
720,-0.4339549,0.31650916
721,-0.26219934,0.29449856
722,-0.48021787,0.3491976
723,-0.18579057,0.19018893
724,-0.80755335,0.21758676
725,-1.4335785,0.3000526
726,-0.29198113,0.20428078
727,-0.40794826,0.36315498
728,-0.075635366,0.19076411
729,-0.8184889,0.19425657
730,-1.0563412,0.35723191
731,-0.22162277,0.197326
732,-0.5503862,0.25348493
733,-1.1390876,0.13336736
734,-1.2832059,0.3121534
735,-0.5043241,0.23139946
736,-0.8102697,0.17675558
737,-0.71871966,0.1847213
738,-0.2583686,0.15217905
739,-0.92252845,0.28780097
740,-1.2850177,0.30320844
741,-0.99222827,0.3784228
742,-0.5470809,0.176476
743,-0.6351575,0.37170094
744,-1.0528989,0.30727157
745,-0.07522244,0.2369715
746,-0.24526271,0.26605535
747,-0.02645596,0.24211751
748,-0.16434453,0.16000088
749,-0.62988436,0.16872217
750,-0.18610154,0.22927938
751,-0.26005134,0.30009368
752,-1.0425773,0.42327783
753,-0.87766105,0.25010678
754,-1.0842972,0.33258915
755,-0.5584374,0.24267101
756,-0.43568915,0.20599924
757,-0.6737022,0.24328175
758,-1.3222722,0.3242959
759,-0.21014169,0.26524675
760,-0.16086206,0.17634971
761,-0.59492666,0.20955206
762,-0.3083479,0.2056511
763,-0.72785604,0.20698527
764,-0.7496425,0.19661203
765,-1.0036376,0.23103534
766,-0.27450293,0.17213732
767,-0.93514955,0.35111523
768,-0.576587,0.26152825
769,-0.509011,0.24184324
770,-0.7011246,0.2203283
771,-0.85301584,0.24248023
772,-0.3020476,0.30175996
773,-0.24453643,0.26426134
774,-0.2811657,0.18538198
775,-0.19249895,0.15820175
776,-0.7942933,0.22446944
777,-0.75069124,0.18336819
778,-0.6466868,0.16964976
779,-1.3298156,0.5088695
780,-0.43482858,0.20027244
781,-0.5243441,0.20444858
782,-0.4983741,0.19634588
783,-0.7679218,0.38440165
784,-0.9879455,0.24573746
785,-0.5571515,0.22249286
786,-0.6992911,0.22987466
787,-0.48069465,0.30081472
788,0.23793747,0.1699908
789,-0.72851247,0.18841207
790,-0.5844855,0.22721143
791,-0.39483568,0.28684124
792,-0.20454733,0.18818784
793,-0.6348999,0.28793007
794,-0.1878576,0.16994895
795,-0.63567466,0.22761145
796,-0.76774126,0.30938238
797,-0.3311894,0.30538872
798,-0.5115073,0.19250904
799,-0.5517737,0.27691853
800,-0.33448884,0.17854749
801,0.06847937,0.3757037
802,-0.06687326,0.25262555
803,-0.8661474,0.17083995
804,-0.06383254,0.29544187
805,-0.8799204,0.28867364
806,-0.33322462,0.18301296
807,-0.94937736,0.19677712
808,-0.75476646,0.24418308
809,-0.66240674,0.16152431
810,-0.0928577,0.3754291
811,-0.92153853,0.31573212
812,-0.39450046,0.38804016
813,-0.45171496,0.19598767
814,-0.3264125,0.2387431
815,-0.81616604,0.25871614
816,-0.5470117,0.3129608
817,-0.7071716,0.23727271
818,-0.82371795,0.3332497
819,-0.51917565,0.24898337
820,-0.99616015,0.25244847
821,-0.70413774,0.2303303
822,-0.30687904,0.21193396
823,-0.5737211,0.30157408
824,-0.12774445,0.15149239
825,-0.36488414,0.20891014
826,-0.43440855,0.22256783
827,-0.75535375,0.25195566
828,-0.4501282,0.23999436
829,-0.39386147,0.17204681
830,-0.99638635,0.23365179
831,-0.8756122,0.2305852
832,-0.5863874,0.22353207
833,-1.373696,0.31123298
834,-1.0318083,0.28354535
835,-1.3936429,0.35334757
836,-0.3579279,0.19333808
837,-0.51722455,0.17497446
838,-0.45472217,0.2367707
839,-0.5649877,0.18079023
840,-0.2892019,0.27844384
841,-0.51184744,0.24756816
842,-0.058202222,0.20048268
843,-0.014847676,0.20607515
844,-0.70470184,0.2665113
845,-0.44968337,0.36814246
846,-0.19877215,0.23794979
847,-0.06271277,0.24332893
848,-0.21832487,0.33569705
849,-0.43539166,0.23783273
850,-0.90157557,0.24606685
851,-1.0506881,0.27463353
852,-2.02634,0.3884062
853,-0.56207657,0.2648966
854,0.12569605,0.12812927
855,-0.7285826,0.2715265
856,-0.7420725,0.23372193
857,-0.66648483,0.17713052
858,-0.39473465,0.2865
859,-0.6961696,0.29109278
860,-0.77188903,0.21814498
861,-1.3165946,0.20236981
862,-0.8267552,0.22545986
863,-0.6819075,0.26496807
864,-0.010328482,0.19265866
865,-0.47819388,0.21874408
866,-1.1488012,0.13958773
867,-0.43839803,0.24483542
868,-0.78417414,0.18445678
869,-0.35263237,0.22460066
870,-1.3088388,0.20861794
871,-0.30558398,0.2860806
872,-1.1428218,0.18459453
873,-1.0505004,0.39318985
874,-0.26282787,0.6570576
875,-1.1268582,0.23514108
876,-0.3106967,0.3264894
877,-0.60142064,0.2132982
878,-0.31269693,0.24593893
879,-0.365522,0.23058672
880,-0.80133533,0.2581748
881,-0.71545196,0.19530754
882,-1.3379514,0.25406742
883,-0.79976547,0.16469938
884,-0.59438294,0.20881926
885,0.068491265,0.18172495
886,-0.7314476,0.26417696
887,0.097387,0.1764207
888,-0.27336222,0.22449017
889,-0.1354161,0.25722045
890,-0.64134234,0.26009467
891,-0.40896448,0.20067824
892,-0.43131247,0.26496643
893,-0.6819349,0.17340432
894,0.10481029,0.20242311
895,-0.66455704,0.22168046
896,-0.9041315,0.1735558
897,-0.52750456,0.1940603
898,-0.26042008,0.33841094
899,-1.1767825,0.21976987
900,-0.41207612,0.19424185
901,-0.49170247,0.30664343
902,-0.75650954,0.19082886
903,-0.22959675,0.2359845
904,-0.23745692,0.16740453
905,-0.12977046,0.2339447
906,-0.72605234,0.27735582
907,-1.2367619,0.44323078
908,-0.61870456,0.37244946
909,-1.0096525,0.23557264
910,-0.48908064,0.23202811
911,-0.40476346,0.3508232
912,-0.43598908,0.23538257
913,-0.46839157,0.25103194
914,-0.11593099,0.32858732
915,-1.1188035,0.44366044
916,-0.29114702,0.20393473
917,-0.9722766,0.2301749
918,-0.8401399,0.22384363
919,-0.24071261,0.214034
920,-0.4825572,0.35367382
921,-0.67164886,0.17862453
922,-0.5130886,0.20183942
923,-0.8077174,0.29911837
924,-1.2503341,0.28925395
925,-1.2990192,0.3134019
926,-0.80009174,0.21739706
927,-0.35418496,0.205944
928,-1.1117936,0.2145765
929,-0.9108001,0.32723954
930,-1.0334564,0.2881976
931,-0.19568886,0.18035232
932,-0.7031041,0.22355329
933,-0.9625479,0.24960907
934,-0.24593292,0.2115554
935,-0.45735243,0.17557134
936,-0.63303053,0.20585069
937,-1.4116333,0.16488226
938,-0.6058609,0.25335002
939,-0.3895271,0.20221618
940,-0.2873233,0.1974768
941,-0.8272201,0.25054514
942,-0.47859028,0.16619904
943,-0.5665901,0.16104281
944,-1.7876204,0.30814922
945,-0.7956465,0.21770999
946,-1.4896673,0.3127546
947,-0.40396857,0.22582889
948,-0.23102005,0.3514159
949,-1.0449086,0.24458718
950,-0.42577663,0.2704532
951,-0.10357594,0.13121901
952,-0.512179,0.21038911
953,-0.5951137,0.18680152
954,-0.7024273,0.240932
955,-1.0755613,0.2959457
956,-0.23326704,0.28715542
957,-0.8688795,0.24763757
958,-1.6137632,0.32942608
959,-0.4686106,0.195866
960,-0.26785257,0.18416254
961,-0.36775976,0.22131357
962,-0.8993293,0.21515965
963,-0.44680277,0.29970047
964,-1.0613805,0.23268183
965,0.102683924,0.22241165
966,-0.43760228,0.30510575
967,-1.1177702,0.17685632
968,-0.71675867,0.21069755
969,-1.3119627,0.2395418
970,-0.96583,0.40352085
971,-0.47817445,0.18157539
972,-0.27906606,0.26397985
973,-0.39042434,0.20308329
974,-0.47890565,0.1700072
975,-0.26378164,0.24276267
976,-1.9034412,0.40435818
977,-0.56306547,0.19276088
978,-0.14131218,0.30852395
979,-0.784207,0.18892254
980,-0.5069911,0.20298068
981,0.010136098,0.27857247
982,-0.18158127,0.2454676
983,-1.2107489,0.34493107
984,-0.3935336,0.25107822
985,-0.019279128,0.18452129
986,-0.033528842,0.16153388
987,0.22681287,0.18491367
988,-1.1097429,0.2002746
989,-0.4498623,0.22875519
990,-0.5893455,0.29358593
991,-0.2578065,0.20467262
992,0.39965478,0.2269063
993,-0.70695674,0.46335566
994,-0.5000609,0.21061389
995,-0.53167754,0.2261445
996,-0.77380085,0.35304546
997,-1.6522582,0.39996168
998,-1.0442587,0.12991649
999,-0.6317805,0.37950778
1000,-0.021349419,0.21791567
1001,-0.46124384,0.24442627
1002,-0.4414285,0.19488876
1003,-0.35021618,0.1390847
1004,-0.49143443,0.22109354
1005,-0.33135405,0.34416944
1006,-0.20913054,0.25181383
1007,-0.331881,0.24370685
1008,-0.08277238,0.2636399
1009,-1.0322168,0.31125286
1010,-1.6396539,0.50069296
1011,-0.39512345,0.13176863
1012,-0.33315852,0.24724358
1013,-0.4787604,0.20156163
1014,-0.023041517,0.24739711
1015,-0.8312759,0.26215532
1016,-0.37682852,0.15935762
1017,-0.48022547,0.19376437
1018,-1.1032293,0.23134722
1019,-0.32338956,0.23936126
1020,0.17489268,0.34014577
1021,-1.5284983,0.36704767
1022,-1.3821279,0.258916
1023,-0.7528151,0.26963103
1024,0.00780663,0.2876246
1025,-0.63712245,0.22266549
1026,-0.69683975,0.26239714
1027,-0.40927783,0.23803765
1028,-0.831861,0.23407242
1029,-1.0576569,0.22756723
1030,-0.38595313,0.24568953
1031,-0.69284695,0.22338983
1032,-0.344227,0.24775083
1033,-0.42857888,0.31502673
1034,-0.050396577,0.19424509
1035,-0.5714051,0.20589289
1036,-0.1827265,0.3010416
1037,-0.47820488,0.19391686
1038,-0.053072307,0.20816164
1039,-0.1984223,0.18746617
1040,-0.69567245,0.30855578
1041,-0.55110556,0.23622595
1042,-1.304849,0.2528991
1043,-1.3884561,0.15805951
1044,-0.6978992,0.20502819
1045,-0.042776346,0.13743998
1046,-1.1908755,0.2657349
1047,-0.94053596,0.26696754
1048,-0.61586565,0.16368945
1049,-0.16030206,0.20411585
1050,-0.90460414,0.34563527
1051,-1.2501888,0.3142265
1052,-0.32203913,0.28046715
1053,0.25313222,0.29508594
1054,-1.1583216,0.2613384
1055,-0.11824424,0.22224447
1056,-0.9859096,0.6074291
1057,-0.5289748,0.25117064
1058,-0.9141924,0.3246347
1059,-1.0916047,0.39412487
1060,-0.515746,0.16705753
1061,-0.9128616,0.2783229
1062,-0.66287655,0.21321982
1063,-0.24888016,0.23315047
1064,-0.09269162,0.26480287
1065,-0.4443781,0.17447135
1066,-0.28938913,0.23027293
1067,-0.16299082,0.1603412
1068,-0.51697105,0.21258159
1069,-0.59382665,0.32521603
1070,-0.3709619,0.1965252
1071,-0.78980356,0.24001327
1072,0.10890603,0.25494868
1073,-0.37101507,0.23260698
1074,-1.154301,0.26841825
1075,-0.6794965,0.22581702
1076,-0.8995983,0.23590544
1077,-0.32913658,0.21167414
1078,-0.21993344,0.14322332
1079,-0.46355364,0.20772173
1080,-0.2161214,0.22041848
1081,-0.7361777,0.20730366
1082,-0.463843,0.17436206
1083,-0.13290893,0.19504866
1084,-0.86004984,0.26195544
1085,-0.9300852,0.21309485
1086,-0.5199163,0.28349447
1087,-1.0324894,0.2621692
1088,-1.3133295,0.26707575
1089,-0.43513802,0.2228466
1090,-1.2824628,0.3918097
1091,-0.6015512,0.27709982
1092,-0.089565314,0.34350944
1093,-0.66341335,0.35007957
1094,0.56352645,0.33744794
1095,-0.2714393,0.26808736
1096,-0.30624434,0.27413929
1097,-0.4967745,0.23212178
1098,-1.0701579,0.33834735
1099,-0.09449068,0.26710334
1100,-1.2983952,0.31201366
1101,-0.3270548,0.22019593
1102,-0.021643575,0.27554756
1103,-0.51886576,0.23722531
1104,-0.23008911,0.19961326
1105,-0.5884385,0.25735244
1106,-0.6566494,0.20030302
1107,0.12405502,0.17801616
1108,-1.2257316,0.3753696
1109,-1.385485,0.25043315
1110,-0.5079704,0.16364972
1111,-0.2647802,0.24833646
1112,-0.49512115,0.2639782
1113,-0.37962052,0.15762533
1114,-0.25022787,0.7127596
1115,-0.5522308,0.33660886
1116,-0.48973167,0.26176164
1117,-0.11577711,0.15425101
1118,-0.620141,0.22244106
1119,-0.506458,0.19483218
1120,-1.189137,0.39465174
1121,-0.45537493,0.26593867
1122,-0.99824274,0.24185997
1123,-0.54937553,0.27944565
1124,-1.3483713,0.3519571
1125,-0.0060134097,0.21675009
1126,-0.4583291,0.17888555
1127,-0.71281695,0.27770597
1128,-0.91300493,0.3004492
1129,-0.45151892,0.26087853
1130,-1.0125961,0.17058587
1131,-0.73126,0.21707259
1132,-0.85791373,0.23294657
1133,-0.93887955,0.2871408
1134,-0.3207384,0.23813163
1135,-1.2524838,0.2851456
1136,-0.59992576,0.24518335
1137,-0.90707,0.25042337
1138,-0.3585161,0.25322315
1139,-0.5281779,0.22074074
1140,-0.10032941,0.33964851
1141,-0.7319159,0.15033312
1142,-0.23042096,0.17478403
1143,-1.0543907,0.32132506
1144,-0.11072381,0.25947547
1145,-0.5479289,0.16411765
1146,-0.45698002,0.15579848
1147,-0.30464315,0.15491311
1148,-0.30504867,0.17781451
1149,-0.7226903,0.24429809
1150,-0.44070023,0.19326642
1151,-0.8052616,0.35175687
1152,-0.3654628,0.2120622
1153,-1.3563229,0.34689033
1154,-1.1725521,0.22082727
1155,-0.044545475,0.22510545
1156,-0.47317538,0.30854782
1157,-1.2786096,0.25519118
1158,-0.9592022,0.23421377
1159,-0.16769491,0.21635135
1160,-0.33974743,0.22859997
1161,-0.7169441,0.23640843
1162,-0.67757607,0.1961124
1163,-0.04159003,0.24611324
1164,-0.2910753,0.25339818
1165,-0.41949403,0.22747143
1166,-0.056692444,0.40932128
1167,-0.90240586,0.25846973
1168,-0.90375036,0.2471195
1169,-0.20146763,0.20851548
1170,-1.0390601,0.23607965
1171,-0.3497559,0.15692909
1172,-0.60299873,0.18317729
1173,-0.060359336,0.28245798
1174,-0.992234,0.25171503
1175,-0.72945714,0.31598026
1176,-0.24103941,0.18561791
1177,-1.2575647,0.27200553
1178,-0.5228106,0.3372868
1179,-0.39402986,0.21401134
1180,0.17484319,0.19618402
1181,-0.64154315,0.22136511
1182,-0.008346115,0.23141651
1183,-0.53611225,0.32151905
1184,-0.48533064,0.16383432
1185,-0.61683154,0.34214666
1186,-0.6119486,0.2239355
1187,-1.1346478,0.52732015
1188,-1.0088601,0.20515649
1189,-0.82984626,0.24599111
1190,-0.06633705,0.25695428
1191,-0.63319385,0.23354904
1192,0.07129305,0.1808688
1193,-0.53141564,0.17422484
1194,-0.46862614,0.2124375
1195,-0.0951042,0.18894266
1196,-0.8765466,0.2673483
1197,-0.3441541,0.19261009
1198,-0.15297528,0.18681742
1199,-0.64638114,0.22792222
1200,-0.45336896,0.22304425
1201,-0.41922176,0.2509242
1202,-1.304866,0.50696677
1203,-0.16670355,0.308419
1204,-0.7338551,0.22229859
1205,-0.3215901,0.27134597
1206,-0.27505383,0.22164308
1207,-1.1090301,0.35175985
1208,-0.5602706,0.23373888
1209,-0.36307183,0.22828346
1210,-1.0101079,0.25878686
1211,-0.7429243,0.19230977
1212,-0.19401743,0.84998435
1213,-1.8295133,0.42863038
1214,-0.33868417,0.22520386
1215,-0.3179659,0.23516743
1216,-0.31171837,0.1690955
1217,-0.34099212,0.20154572
1218,-0.38609582,0.23699227
1219,-0.5429825,0.3187109
1220,-0.6991567,0.3369549
1221,-0.074501775,0.22398676
1222,-0.5751694,0.28643283
1223,-0.7838551,0.18575731
1224,-0.91066736,0.21222681
1225,-0.3564493,0.18761176
1226,-0.7648218,0.3000951
1227,-0.46798307,0.22838937
1228,-0.32259586,0.16227067
1229,-0.6179434,0.20924114
1230,-0.8729133,0.22702682
1231,-0.18744358,0.24155535
1232,-0.4693297,0.31159106
1233,-0.33979982,0.34137356
1234,-0.2644282,0.3123818
1235,-0.59432226,0.26885128
1236,0.03293684,0.2440376
1237,-0.44274387,0.257824
1238,-0.65094495,0.3163029
1239,-0.514653,0.2250995
1240,-0.33343536,0.20318268
1241,-0.20164195,0.1819826
1242,-0.9698967,0.27924937
1243,-0.17152536,0.15811351
1244,-0.33349594,0.2951417
1245,-0.0642108,0.18926479
1246,-0.5421084,0.21761261
1247,-0.9566172,0.14075987
1248,-0.25990692,0.236679
1249,-0.56320894,0.26629442
1250,-0.39220503,0.20391463
1251,-0.37811053,0.24993497
1252,-0.99140114,0.23000155
1253,-0.28762057,0.20412202
1254,-0.48998627,0.18006206
1255,-0.8951547,0.35493505
1256,-1.008505,0.21411297
1257,-0.77012914,0.19855696
1258,-0.34902465,0.28763616
1259,-0.076624155,0.15279053
1260,-0.5180003,0.20852493
1261,-0.3518782,0.1687048
1262,-0.27659115,0.17228496
1263,-0.7587462,0.23350434
1264,-0.5699315,0.18514347
1265,-1.1032422,0.37512466
1266,-0.43907306,0.19719444
1267,-0.7261584,0.2080063
1268,-0.07331758,0.16843991
1269,-0.64373434,0.18577543
1270,-0.02065349,0.33564308
1271,-0.65932715,0.20733164
1272,-0.7833453,0.2313855
1273,-0.11581063,0.2561307
1274,-0.48835346,0.24863426
1275,-0.97174466,0.24130632
1276,-1.2663352,0.43692687
1277,-0.43096834,0.14706987
1278,-0.675115,0.34227026
1279,-0.25270832,0.1545085
1280,-0.36979762,0.23129512
1281,-0.6120933,0.34055963
1282,-1.1480793,0.3040839
1283,-0.6960816,0.2061082
1284,-0.81942654,0.26155648
1285,-0.1704463,0.18868537
1286,-0.18297836,0.20164147
1287,-0.36089623,0.29727602
1288,-0.5251625,0.244541
1289,-0.35041463,0.20953986
1290,-1.1594031,0.33076513
1291,-0.8694802,0.24244465
1292,-0.064213894,0.12128499
1293,-0.6034205,0.26101506
1294,-0.78244513,0.15862836
1295,-0.70011383,0.17155048
1296,-0.92851245,0.32054695
1297,-0.7949869,0.2838116
1298,-0.1929396,0.53014857
1299,-0.61674774,0.36682862
1300,-0.7331266,0.28285426
1301,-0.29147872,0.22082439
1302,-1.41459,0.26473907
1303,-0.7616954,0.24597219
1304,-0.39430904,0.17456011
1305,-0.30722505,0.2601411
1306,0.09216298,0.16440248
1307,-1.3212409,0.3511941
1308,0.12363553,0.3192754
1309,-0.66186154,0.26286268
1310,-0.20474231,0.15207586
1311,-0.12611905,0.26518992
1312,-0.69437736,0.2474523
1313,-0.011623352,0.18566357
1314,-1.7494272,0.35961738
1315,-0.04515151,0.29914737
1316,-0.013901256,0.14953348
1317,-0.29633272,0.30977377
1318,-0.7830266,0.20289434
1319,-0.05804118,0.16222942
1320,-0.14786553,0.21504453
1321,-0.15826274,0.17764352
1322,-0.73195565,0.2203553
1323,-0.24062724,0.19103652
1324,-1.3064121,0.29211167
1325,-0.6189767,0.23539825
1326,-0.25726646,0.16594172
1327,-0.19931607,0.22898199
1328,-1.034862,0.25414062
1329,-0.65071994,0.23933914
1330,-0.04847639,0.18164746
1331,-0.88505363,0.21114981
1332,-0.39248452,0.20147635
1333,-1.09818,0.33160985
1334,-0.99043167,0.37562758
1335,0.100561,0.3051529
1336,-1.0205519,0.3424793
1337,-0.12435008,0.24903953
1338,-0.103654526,0.19313277
1339,-0.40956342,0.24939267
1340,-0.13185427,0.2414368
1341,-0.52211285,0.22931184
1342,-0.28204888,0.20098537
1343,-0.28628173,0.2436557
1344,-0.35948443,0.12841198
1345,-0.52246064,0.30430987
1346,-1.113961,0.23112708
1347,-0.90935117,0.2850197
1348,-0.52590543,0.22680908
1349,-0.48881516,0.17048605
1350,-0.7100537,0.24225976
1351,-0.34682888,0.28873396
1352,-1.1630495,0.26543975
1353,-0.5393519,0.241213
1354,-0.81718487,0.20853099
1355,0.121773,0.23250312
1356,0.16716821,0.19257028
1357,-0.4245731,0.18598753
1358,-0.16692618,0.42475384
1359,-0.7696487,0.20615539
1360,-0.3772478,0.21055073
1361,-1.1357337,0.23195678
1362,-0.9848431,0.37003872
1363,-0.28356633,0.22052874
1364,-1.0824405,0.2548114
1365,-1.0470297,0.30459765
1366,-0.88188124,0.13924773
1367,-0.6697904,0.24187514
1368,-0.115458034,0.17251077
1369,-0.46954474,0.26092166
1370,-0.32644877,0.1672776
1371,-0.50976676,0.24769677
1372,-0.5538413,0.21137124
1373,-0.37361538,0.20997122
1374,-0.28112742,0.21043743
1375,-0.9345338,0.20262726
1376,-0.5708555,0.41845736
1377,-0.7629484,0.1671363
1378,-0.67785984,0.45617747
1379,-1.0614166,0.27661872
1380,-0.18705295,0.21737511
1381,-0.7808992,0.26749396
1382,-0.5066739,0.27866268
1383,-0.3432695,0.19641295
1384,-1.0339391,0.2514593
1385,-0.77490276,0.3069428
1386,-0.8065939,0.24627307
1387,-0.17474774,0.17902678
1388,-0.2843985,0.3240954
1389,-0.20106323,0.3269904
1390,-0.87305564,0.2868935
1391,-1.5594246,0.38700715
1392,-0.27990913,0.21491867
1393,-0.66227174,0.2340826
1394,-0.6344198,0.22535211
1395,-0.40941024,0.22545287
1396,-0.91615146,0.27879792
1397,-0.6237064,0.292854
1398,-0.8086959,0.21080138
1399,-1.1607314,0.299046
1400,-0.0764862,0.27859646
1401,-0.9704505,0.24215953
1402,-0.64446104,0.1714213
1403,-0.03701531,0.29944512
1404,0.0072018006,0.22133261
1405,-0.34434134,0.21688147
1406,-0.7939486,0.20568153
1407,-0.46853822,0.21122468
1408,-0.82664126,0.34333113
1409,-0.5739986,0.20348378
1410,-1.2353002,0.3311322
1411,-0.62222195,0.253509
1412,-0.88078123,0.3113105
1413,-0.69055635,0.3234789
1414,-0.7962038,0.26615456
1415,-0.74846876,0.35874143
1416,-0.86788875,0.18838139
1417,-0.5334885,0.21192159
1418,-1.0804013,0.16382669
1419,-0.2619863,0.13889574
1420,-0.53070486,0.18824875
1421,-0.55195713,0.31544554
1422,-0.22802323,0.19762044
1423,-0.5593742,0.22963138
1424,-1.7270159,0.32987657
1425,-0.31082508,0.24317095
1426,-0.876711,0.2650841
1427,-0.2798427,0.3684149
1428,-0.53437567,0.21001388
1429,-0.92119104,0.312922
1430,-1.0925597,0.32776693
1431,-1.2035035,0.25420657
1432,-0.27545342,0.21802273
1433,-0.22522487,0.1962647
1434,-0.2942721,0.1967378
1435,-0.47899595,0.19678548
1436,-0.8780825,0.43359628
1437,0.028151736,0.1427951
1438,-0.84941673,0.25242072
1439,-0.79139906,0.3815692
1440,-0.14398222,0.179646
1441,-0.31453004,0.3487391
1442,-0.62401044,0.23548101
1443,-0.52063143,0.22942582
1444,-0.08532579,0.20261434
1445,-0.068162076,0.2850993
1446,-0.30904537,0.23284534
1447,-0.35189092,0.20490612
1448,-0.47956586,0.29945028
1449,0.04622978,0.2719733
1450,-0.4158089,0.25541773
1451,-0.21414195,0.2285868
1452,-1.4537125,0.25290835
1453,-0.8339568,0.25657323
1454,-0.73175526,0.25969562
1455,0.029812625,0.33408508
1456,-0.100897074,0.2645231
1457,-0.5898193,0.22194472
1458,-0.46365687,0.19725522
1459,-0.6489671,0.20468731
1460,-0.52994937,0.15246356
1461,-0.8888344,0.1972475
1462,-0.8985197,0.38095188
1463,-0.34754404,0.18705346
1464,-0.05458481,0.14257915
1465,-0.8964681,0.19066487
1466,-0.6037564,0.2175942
1467,-0.372558,0.20167181
1468,-0.23148708,0.20681983
1469,-0.5234185,0.20200731
1470,-0.56107044,0.38119933
1471,-0.8093559,0.2334515
1472,-0.29130837,0.2116225
1473,-0.39418945,0.23791443
1474,-0.74488086,0.31456456
1475,-0.40421772,0.17949583
1476,-1.0867307,0.25031483
1477,-0.69774306,0.35642087
1478,-0.7000558,0.28235674
1479,-0.30411983,0.20500559
1480,-0.48700193,0.20348541
1481,-0.5544599,0.22995885
1482,-0.4567588,0.46499252
1483,-0.51857305,0.3074838
1484,-0.621018,0.23459598
1485,-0.29813987,0.19780032
1486,-0.45206392,0.2672724
1487,-1.3324497,0.30810246
1488,-0.6334849,0.27449584
1489,-0.13126603,0.22609799
1490,-0.5138334,0.36601612
1491,-0.6719126,0.2745436
1492,0.03106459,0.24663502
1493,-0.9794286,0.24265763
1494,-0.5441788,0.17465599
1495,-0.46841526,0.26506448
1496,-1.0565726,0.29439366
1497,-0.67700183,0.22027239
1498,-0.28546014,0.18573108
1499,-0.22118929,0.22409227
1500,-0.24069813,0.1758366
1501,-0.53590786,0.18880123
1502,0.03868384,0.31397173
1503,-1.1190894,0.23636705
1504,0.11042658,0.24575517
1505,-0.84502393,0.28046364
1506,-0.71782726,0.31177303
1507,-0.76506376,0.31690687
1508,-0.17311513,0.24391226
1509,-0.83122426,0.24884516
1510,-0.13279401,0.22601028
1511,-0.542758,0.19141357
1512,-0.71218437,0.25128108
1513,-0.14092435,0.20010649
1514,-0.3369831,0.16141677
1515,-1.569405,0.29372406
1516,-0.5475425,0.23088552
1517,-0.2040409,0.21562314
1518,-0.57245046,0.22505832
1519,-1.0315611,0.21950173
1520,-0.2831094,0.18356732
1521,-0.016216276,0.27183062
1522,-0.08473823,0.23544195
1523,-0.88802695,0.29969436
1524,-0.16215456,0.25735682
1525,-0.026207512,0.23335849
1526,-0.2745967,0.25299174
1527,-0.65634024,0.23832013
1528,-0.53345054,0.20701346
1529,-0.10387443,0.2408589
1530,-0.5907786,0.30223197
1531,-0.39137816,0.19206512
1532,-0.18704958,0.16720141
1533,-0.45973042,0.22792374
1534,-1.0543611,0.17240824
1535,-0.9354731,0.19890411
1536,-1.0299753,0.40558663
1537,-0.60484314,0.23434359
1538,-0.13347998,0.17782308
1539,-1.1864524,0.23136759
1540,-0.7137201,0.21983841
1541,-0.5947352,0.22524089
1542,-0.27869374,0.20806855
1543,-0.042447384,0.22376628
1544,0.07985449,0.22892892
1545,-0.5849417,0.21860427
1546,-0.81415087,0.19601944
1547,-0.07518384,0.54040223
1548,-0.6269316,0.30731085
1549,-0.4740666,0.21263778
1550,-0.61060786,0.23814018
1551,0.09807108,0.22402544
1552,-1.0893475,0.369437
1553,-0.8363719,0.3030788
1554,-0.33257675,0.17985246
1555,-0.016340896,0.19240117
1556,-0.2755245,0.21295501
1557,-0.5963915,0.221398
1558,-0.3170823,0.29858807
1559,-0.27819327,0.24272701
1560,-0.78993696,0.3142112
1561,-1.2688057,0.2945538
1562,-1.1937432,0.24838266
1563,-0.6288453,0.14453642
1564,-0.6362616,0.25757748
1565,-1.8019003,0.4183808
1566,-1.3206227,0.3040015
1567,-0.37298408,0.23923658
1568,-0.30024305,0.36671507
1569,-0.33039257,0.18881935
1570,-0.7635352,0.19628838
1571,-0.12861615,0.18459779
1572,-0.8954914,0.43741563
1573,-0.38943478,0.19541427
1574,-1.126856,0.30887824
1575,-0.73899543,0.25862938
1576,-0.5570338,0.33499303
1577,-0.11100888,0.35737577
1578,-0.35143152,0.20997144
1579,-0.77969486,0.3690259
1580,-0.6290858,0.2677862
1581,-0.8832904,0.26426136
1582,-0.33189985,0.230816
1583,-0.6170719,0.28486568
1584,-0.72939944,0.20156352
1585,-0.27330956,0.21709386
1586,-1.1356509,0.3961081
1587,-1.6676033,0.54582053
1588,-0.20606713,0.2208387
1589,-0.42677695,0.22569458
1590,-0.9087177,0.2367106
1591,-0.24359204,0.21348779
1592,-0.35910076,0.24699779
1593,-0.20433871,0.11974407
1594,-0.4861255,0.24155135
1595,-0.16762213,0.24464858
1596,-0.0058455453,0.19740036
1597,-0.8942563,0.23670962
1598,-0.4026351,0.15687956
1599,-0.11175539,0.18169238
1600,-0.7877495,0.30876383
1601,-0.6232009,0.28286365
1602,-0.8937587,0.23849411
1603,-0.18706548,0.18990873
1604,-0.6922895,0.27302098
1605,-0.29167566,0.37922335
1606,0.012329432,0.24596046
1607,-0.59834534,0.25901404
1608,-0.37426087,0.18526332
1609,-0.620366,0.236468
1610,-0.8871206,0.23315802
1611,-0.42918172,0.21431392
1612,0.05121945,0.22183986
1613,-0.23347723,0.21340047
1614,-0.5914956,0.23949178
1615,-0.40442267,0.13423774
1616,-0.56182665,0.22359593
1617,-0.012720511,0.14058264
1618,-0.75983334,0.24045101
1619,-0.5697663,0.21724553
1620,-1.0123842,0.2702788
1621,-0.65801114,0.30408907
1622,-0.91457343,0.27273947
1623,-0.14714627,0.19405346
1624,-0.32744792,0.2220042
1625,-1.7660878,0.51343
1626,-1.2544173,0.40342155
1627,-0.48245895,0.25446635
1628,-1.3185705,0.31932342
1629,-0.5467058,0.19170497
1630,-1.3566692,0.34266245
1631,-0.4388268,0.26879588
1632,-0.07373282,0.25358894
1633,-0.4872473,0.26697496
1634,-0.4489664,0.23313008
1635,-0.6970396,0.27218306
1636,-0.1273085,0.26083472
1637,-0.51852083,0.18109362
1638,-0.6139339,0.20909055
1639,-0.957978,0.28600916
1640,-0.8278981,0.279054
1641,-0.3342918,0.26804668
1642,-0.8152479,0.31773558
1643,-0.26807535,0.20797198
1644,-0.26839083,0.25103492
1645,-1.1773722,0.37036568
1646,-0.123788886,0.22354262
1647,-0.4938256,0.2432805
1648,-0.59386164,0.2127465
1649,-0.80532444,0.20113598
1650,-0.83214176,0.26680136
1651,-0.42351434,0.16383786
1652,-0.23404385,0.2161092
1653,-0.31491336,0.1411329
1654,-0.97615147,0.20782499
1655,-0.6409579,0.31913394
1656,-0.064571515,0.16473483
1657,-0.8500241,0.33919716
1658,-0.7298458,0.2209578
1659,-0.80861205,0.23326732
1660,-0.3842326,0.13422132
1661,-1.0183208,0.2906945
1662,-0.5370744,0.2208923
1663,-1.208917,0.28331542
1664,-0.8430096,0.22391182
1665,-0.12029545,0.20199285
1666,-0.41261655,0.20187294
1667,-0.51314336,0.21836825
1668,-1.0324718,0.2008641
1669,-0.46431568,0.17895599
1670,-0.0952705,0.15412764
1671,0.054574378,0.18185821
1672,-0.6970789,0.22732185
1673,-1.01478,0.29420453
1674,-0.8096944,0.23438022
1675,-0.5125333,0.26784578
1676,-0.29827252,0.22044481
1677,-0.7384737,0.16785452
1678,-0.74404967,0.4271013
1679,-0.5054945,0.23189364
1680,-0.48543122,0.15788886
1681,-0.59367377,0.23759298
1682,-0.27471423,0.2821639
1683,-0.636334,0.20422158
1684,-0.685364,0.28144273
1685,-0.30088493,0.23692045
1686,-0.023012644,0.27668834
1687,-1.0341533,0.18792082
1688,-1.006306,0.11126541
1689,-0.7585827,0.25837782
1690,-0.28388008,0.2159796
1691,-0.9432327,0.27143142
1692,-0.8490098,0.2592071
1693,-0.83440727,0.26982847
1694,-0.67351735,0.28198388
1695,0.010200468,0.22914
1696,-1.1148988,0.30081236
1697,-1.1021259,0.3397523
1698,-0.47825077,0.25979125
1699,-0.66616786,0.16774964
1700,0.04452505,0.1524973
1701,-0.28807628,0.2986849
1702,-0.32544115,0.15817206
1703,-0.5137164,0.20744684
1704,-0.19680345,0.18349008
1705,-0.51639825,0.2265315
1706,-0.6896813,0.34786412
1707,-0.32500786,0.26423305
1708,-0.100908875,0.16875975
1709,-0.552614,0.24125701
1710,-0.3818979,0.16695915
1711,-0.8719636,0.27996138
1712,-0.7015651,0.2590715
1713,-0.9325621,0.2975436
1714,-0.56565404,0.26251847
1715,-0.670312,0.31226435
1716,-0.85473174,0.17037849
1717,-0.34300405,0.2030056
1718,-0.4047176,0.19483413
1719,-0.49150202,0.30496004
1720,-0.8796396,0.25083077
1721,-1.0349573,0.27537498
1722,-1.2471112,0.3024329
1723,-0.8704768,0.23987322
1724,-0.7669887,0.29958108
1725,-0.7549259,0.49945801
1726,-0.28507987,0.24889892
1727,-1.0615128,0.20451233
1728,-0.4797344,0.23795444
1729,-1.4752923,0.26924354
1730,-0.38808945,0.18148708
1731,-0.5540245,0.20585412
1732,0.07859087,0.30904654
1733,-0.9916373,0.26171687
1734,-0.5681759,0.22788915
1735,-0.5692431,0.31455663
1736,-0.74392325,0.37959278
1737,-0.94129694,0.35669026
1738,-0.337447,0.23757948
1739,-0.7106511,0.17085603
1740,-1.1789368,0.28854215
1741,-0.5152856,0.22147931
1742,-0.14802596,0.22365499
1743,-1.008262,0.17597921
1744,-0.48014265,0.381434
1745,-0.1152689,0.18455759
1746,-0.2319617,0.18670675
1747,-0.74796987,0.27609068
1748,-0.9559227,0.36107647
1749,-0.5138731,0.19092599
1750,-0.25754872,0.29266632
1751,-0.76149476,0.30792046
1752,-1.0777665,0.4276592
1753,-1.3631094,0.3981251
1754,-0.35416302,0.20895746
1755,-0.4034348,0.27511594
1756,-0.69656616,0.24842328
1757,-1.1191703,0.3399319
1758,-0.6473877,0.2687433
1759,-0.6279546,0.1876394
1760,-0.65910554,0.17611957
1761,-0.4699337,0.27754796
1762,-0.19589745,0.24550459
1763,-0.4735631,0.22311255
1764,-1.2054522,0.34665075
1765,-1.2558948,0.2487679
1766,-1.100086,0.29462022
1767,-0.3567789,0.2300669
1768,-0.63741016,0.23228103
1769,-0.62841475,0.24909432
1770,-0.672311,0.41369933
1771,-0.5084497,0.23159766
1772,-0.012697371,0.24387537
1773,-0.43902227,0.18737794
1774,-0.7222223,0.35609192
1775,-0.17941624,0.23259678
1776,-0.62763304,0.2087867
1777,-0.12088027,0.20579708
1778,-0.2988619,0.12798634
1779,-1.174731,0.38652575
1780,-0.39810872,0.20193398
1781,-1.5992745,0.28502283
1782,-0.029177636,0.15616034
1783,-1.526765,0.2959072
1784,-0.710866,0.38459322
1785,-0.37956372,0.20851783
1786,-1.0485433,0.2565396
1787,-0.6573696,0.2518667
1788,-0.7940312,0.1576701
1789,-0.88780975,0.23741727
1790,-0.37314662,0.21337979
1791,-0.22647612,0.26143062
1792,-1.0116429,0.23467492
1793,-0.3966034,0.16751814
1794,-0.7712413,0.25444627
1795,0.07058708,0.23706071
1796,-0.4452437,0.21989188
1797,-0.7075251,0.1899434
1798,0.1339592,0.2048051
1799,-0.8262799,0.25565952
1800,-0.8592053,0.39897072
1801,-0.57658017,0.23091151
1802,-0.5849231,0.20996386
1803,-0.3504079,0.23014057
1804,-0.99685234,0.180046
1805,-0.24860437,0.22359699
1806,-0.6184068,0.22962418
1807,-0.90398544,0.25934893
1808,-0.31938115,0.2576909
1809,-1.4502914,0.30210513
1810,-0.7649215,0.20796826
1811,-0.42135933,0.17585997
1812,-0.71998686,0.27321887
1813,-0.5806056,0.20005022
1814,-0.9130017,0.26235533
1815,-0.5940326,0.37055662
1816,-0.7279157,0.2854996
1817,-0.8941818,0.29159597
1818,-0.51325655,0.23973
1819,-0.7173899,0.17684145
1820,-0.35527015,0.2598335
1821,-0.107499756,0.13924673
1822,-1.5957195,0.2458799
1823,-0.5562705,0.19371511
1824,-1.1573195,0.4027404
1825,-0.000663593,0.25954252
1826,-0.10129814,0.30396312
1827,-0.18226978,0.22570984
1828,-0.60563767,0.22327209
1829,-0.39311063,0.29509643
1830,-0.20219085,0.31780282
1831,-0.4575103,0.20109452
1832,-0.77594566,0.2866332
1833,-0.09817404,0.18272386
1834,-0.7412043,0.19976953
1835,-0.3072102,0.23192184
1836,-0.5141638,0.27513072
1837,-2.1444547,0.44145766
1838,-0.9814799,0.40730536
1839,-0.12721016,0.16834216
1840,-0.044662893,0.14648134
1841,-0.37110704,0.24117132
1842,-1.2722387,0.32458624
1843,-0.67114043,0.2541299
1844,-0.7194344,0.22791846
1845,-0.70056707,0.29497504
1846,-0.9881752,0.27028003
1847,-0.093667544,0.20044188
1848,-0.21211132,0.18643874
1849,-0.6330234,0.24601817
1850,-1.0845591,0.4328557
1851,-0.6206508,0.18933699
1852,-0.80238336,0.21102814
1853,-0.06758347,0.21952148
1854,-0.18175356,0.19441795
1855,-1.1193134,0.25363123
1856,-0.3194754,0.21242197
1857,-1.142714,0.2062652
1858,-1.02971,0.44259354
1859,-0.8755951,0.18360974
1860,-0.42714927,0.2909674
1861,-1.0570813,0.2572814
1862,-0.61457694,0.21219864
1863,-0.24301133,0.19814031
1864,-0.4847175,0.27405334
1865,0.076843224,0.28722093
1866,-1.660768,0.28139755
1867,-0.9308206,0.26259544
1868,0.09972053,0.225992
1869,-0.45270407,0.23771943
1870,-0.4984507,0.26145887
1871,-0.553832,0.23677172
1872,0.15028548,0.2746682
1873,-0.44166827,0.21506308
1874,-0.13641205,0.23828109
1875,-1.0287265,0.3050111
1876,-0.31184092,0.23561123
1877,-0.708831,0.20799188
1878,-0.70897746,0.2762441
1879,-0.59885144,0.28091097
1880,-0.5579106,0.17414446
1881,-0.6905154,0.21775433
1882,-1.0783144,0.30949017
1883,-0.7078156,0.17156856
1884,-1.248561,0.27244195
1885,-0.57399744,0.23577642
1886,-0.76785153,0.20999126
1887,-0.7673223,0.25081304
1888,-0.8631898,0.35790017
1889,-0.6196102,0.29986542
1890,-0.50351816,0.1877389
1891,-0.50907606,0.20644742
1892,-0.45147675,0.31409603
1893,-0.26992705,0.20658961
1894,-0.98325974,0.3036664
1895,-0.9323102,0.34499544
1896,-0.0029227096,0.2944867
1897,-0.32704708,0.26216942
1898,-0.14981614,0.15658228
1899,-0.74302715,0.3236159
1900,-0.8347747,0.30149373
1901,-0.6469323,0.19397533
1902,-1.1606808,0.18069875
1903,-0.7236212,0.22812763
1904,-0.9036147,0.21253602
1905,-1.0504688,0.29111895
1906,-1.2909082,0.32311764
1907,-0.5283276,0.20630811
1908,-0.38886288,0.41410074
1909,-0.3344616,0.2209696
1910,-0.49267498,0.1885623
1911,-0.85271263,0.20022465
1912,-0.08729177,0.29454675
1913,-0.45918393,0.20129645
1914,-0.90413904,0.3466436
1915,-0.7282288,0.25505608
1916,-0.054800414,0.25792268
1917,-0.8256341,0.26896214
1918,-0.77134085,0.16407423
1919,-0.49884918,0.23412254
1920,-0.8154501,0.20754126
1921,-0.81770164,0.32408953
1922,-0.2358128,0.17093682
1923,-0.27441338,0.18330525
1924,-0.21117026,0.24020712
1925,-0.18754752,0.25565588
1926,-0.49703977,0.2861674
1927,-0.71379364,0.25351885
1928,-0.2521078,0.34992042
1929,-0.35464576,0.2531617
1930,-0.5694417,0.7025465
1931,-0.35337564,0.22106664
1932,-0.36986476,0.18320052
1933,-0.46725315,0.22310548
1934,-1.1431458,0.36261684
1935,-0.7579673,0.21167025
1936,-0.70442444,0.27427477
1937,-0.6035428,0.3061352
1938,-0.9267181,0.24557972
1939,0.0066729393,0.20186014
1940,-1.551571,0.36826628
1941,-0.40012503,0.21527678
1942,-0.9199126,0.23138341
1943,-0.3133957,0.2439241
1944,-0.9355029,0.33818865
1945,-0.9406442,0.28159374
1946,-0.9114363,0.23414181
1947,-1.1268553,0.39319068
1948,-0.5572806,0.2474559
1949,-0.7275238,0.22867087
1950,-0.08275262,0.1995903
1951,-0.7601897,0.22245005
1952,-0.5468931,0.26014608
1953,-0.3391338,0.22730339
1954,-0.55293006,0.244122
1955,-0.7894929,0.21846406
1956,-0.7576904,0.2985989
1957,-1.3855997,0.2868491
1958,-0.20496364,0.17960796
1959,-0.57112765,0.25473282
1960,-0.1957861,0.23894283
1961,-0.3596223,0.21912798
1962,-0.59748256,0.23203473
1963,-0.76214975,0.27240488
1964,0.15750985,0.20978354
1965,-0.6048857,0.27362663
1966,-0.22574298,0.13714956
1967,-0.5477381,0.22995172
1968,-0.5500692,0.3359117
1969,-0.36594465,0.1751858
1970,-0.59088564,0.1376941
1971,-0.5800588,0.2632624
1972,-0.41333586,0.15416218
1973,-0.14559683,0.25575447
1974,-0.3632639,0.34378055
1975,-0.2330458,0.17225625
1976,0.21604152,0.25527012
1977,-1.1609505,0.28237686
1978,-0.49137634,0.22230256
1979,-0.7920634,0.21762975
1980,-0.36807898,0.2295442
1981,-0.12842685,0.17631803
1982,-0.70708364,0.19480427
1983,-0.9544505,0.2478096
1984,-0.41260064,0.2704188
1985,-0.17264709,0.3308865
1986,0.056976087,0.21108733
1987,-0.15417005,0.18517376
1988,-0.27163994,0.20478024
1989,-0.37459043,0.22058457
1990,-1.2229027,0.36780858
1991,-0.35217443,0.15416259
1992,-0.9680771,0.1576509
1993,-1.1390808,0.2651585
1994,-0.29335073,0.21039048
1995,-0.7712145,0.24983527
1996,-0.17823961,0.20267497
1997,-0.3892104,0.15776986
1998,-0.54155815,0.23993039
1999,-0.44711155,0.24782787
2000,-0.26495618,0.2281482
2001,-0.54742247,0.1511455
2002,-0.30322516,0.23142293
2003,-0.61044735,0.29318738
2004,-0.942181,0.3310477
2005,-0.3911394,0.20345305
2006,-0.91110724,0.21915542
2007,-0.25724614,0.19103983
2008,-0.24141416,0.19020413
2009,-1.1873494,0.2485732
2010,-0.95898306,0.19122034
2011,-0.221363,0.31738764
2012,-0.67756885,0.18135646
2013,-0.89553773,0.2148858
2014,-0.5297609,0.2155977
2015,-0.6002708,0.19362468
2016,-0.20496708,0.21724904
2017,-0.4471164,0.2179936
2018,-0.6217594,0.26372194
2019,-0.93800277,0.28019136
2020,-0.49953192,0.19170159
2021,-1.1910769,0.25571615
2022,-0.6884938,0.17478095
2023,-0.6664207,0.32328013
2024,-0.91704905,0.3247049
2025,-1.0705409,0.3082246
2026,-0.27911788,0.17775542
2027,-0.17009404,0.4036364
2028,-0.5624689,0.24040914
2029,-0.29949296,0.18898028
2030,-0.38515264,0.16152142
2031,0.078014344,0.16561338
2032,-0.63752675,0.17601776
2033,-0.50271255,0.22199258
2034,-0.7109973,0.25926778
2035,-0.41507334,0.2939292
2036,-0.27126497,0.16144232
2037,-0.9889535,0.39155018
2038,-0.42700583,0.2836895
2039,0.028690634,0.2569121
2040,-1.0554572,0.28408125
2041,-1.1609118,0.2280512
2042,-0.5372669,0.3220414
2043,-0.34968302,0.20126605
2044,-0.27919927,0.24256466
2045,-0.5555316,0.2929022
2046,-0.48449454,0.16415992
2047,-0.3552549,0.19043598
